gid,role,role_score,cluster_id,priority_score,evidence
100000000011452100,consolidator,0.51223200,0,0.48077400,"Плательщиков 3≥3; вход 110,000 KZT; выход/вход 15%≤20%. Не seed/граница."
100000000018102100,peripheral,0.00000000,0,0.20909200,"Недостаточно наблюдений для роли; плательщиков 1, получателей 0. Граница depth=4: удержание неизвестно."
100000000031787100,transit,0.83333300,1,0.41421300,"Объёмный транзит: выход/вход 100% в [80%; 120%]; плательщиков 1, получателей 2. Не seed/граница."
100000000041368100,terminal,0.66621300,2,0.46628800,"Вход 160,000 KZT от 1 плательщиков; исходящих связей нет. Не seed/граница; конечный только в выборке."
100000000076451100,peripheral,0.00000000,3,0.79014800,"Порогов конкретных ролей не достиг: плательщиков 3, получателей 4, выход/вход 66%."
100000000089154100,distributor,0.79683000,0,0.51820500,"Получателей 15≥10; исходящих переводов 21≥10; выход 425,500 KZT."
100000000190228100,peripheral,0.00000000,4,0.55402000,"Порогов конкретных ролей не достиг: плательщиков 1, получателей 1, выход/вход 571%."
100000000201868100,transit,0.66666700,5,0.44880900,"Объёмный транзит: выход/вход 100% в [80%; 120%]; плательщиков 1, получателей 1. Не seed/граница."
100000000254336100,peripheral,0.00000000,0,0.45413600,"Порогов конкретных ролей не достиг: плательщиков 2, получателей 1, выход/вход 62%."
100000000267734100,peripheral,0.00000000,1,0.58271800,"Порогов конкретных ролей не достиг: плательщиков 2, получателей 7, выход/вход 157%."
100000000274067100,peripheral,0.00000000,1,0.56951700,"Порогов конкретных ролей не достиг: плательщиков 2, получателей 3, выход/вход 573%."
100000000287768100,terminal,0.66621300,0,0.18576300,"Вход 35,168 KZT от 1 плательщиков; исходящих связей нет. Не seed/граница; конечный только в выборке."
100000000288317100,peripheral,0.00000000,0,0.55818800,"Порогов конкретных ролей не достиг: плательщиков 2, получателей 3, выход/вход 54%."
100000000291906100,transit,0.56279600,6,0.69427400,"Объёмный транзит: выход/вход 117% в [80%; 120%]; плательщиков 2, получателей 2. Не seed/граница."
100000000291908100,peripheral,0.00000000,6,0.53877000,"Порогов конкретных ролей не достиг: плательщиков 1, получателей 1, выход/вход 5%."
100000000297649100,peripheral,0.00000000,7,0.53826100,"Порогов конкретных ролей не достиг: плательщиков 1, получателей 1, выход/вход 176%."
100000000299820100,peripheral,0.00000000,8,0.25682600,"Недостаточно наблюдений для роли; плательщиков 1, получателей 0. Граница depth=4: удержание неизвестно."
100000000307908100,terminal,0.66621300,9,0.16117800,"Вход 5,000 KZT от 1 плательщиков; исходящих связей нет. Не seed/граница; конечный только в выборке."
100000000331309100,coordinator,0.96391200,10,0.96870700,Seed-предков 4≥2; входящих 5≥3; исходящих 99≥2; ранг посредничества 99.1%≥90%.
100000000332284100,peripheral,0.00000000,10,0.82612200,"Порогов конкретных ролей не достиг: плательщиков 10, получателей 3, выход/вход 269%."
100000000343175100,coordinator,0.68720400,11,0.95096900,Seed-предков 4≥2; входящих 8≥3; исходящих 31≥2; ранг посредничества 93.9%≥90%. Seed: вход неполный.
100000000369781100,peripheral,0.00000000,10,0.36634000,"Недостаточно наблюдений для роли; плательщиков 1, получателей 0. Граница depth=4: удержание неизвестно."
100000000375150100,peripheral,0.00000000,12,0.43762500,"Недостаточно наблюдений для роли; плательщиков 1, получателей 0. Граница depth=4: удержание неизвестно."
100000000404740100,peripheral,0.00000000,13,0.31842400,"Недостаточно наблюдений для роли; плательщиков 1, получателей 0. Граница depth=4: удержание неизвестно."
100000000408846100,terminal,0.66621300,14,0.23165800,"Вход 40,500 KZT от 1 плательщиков; исходящих связей нет. Не seed/граница; конечный только в выборке."
100000000413678100,peripheral,0.00000000,8,0.70266600,"Порогов конкретных ролей не достиг: плательщиков 2, получателей 3, выход/вход 172%."
100000000424935100,peripheral,0.00000000,15,0.19967100,"Недостаточно наблюдений для роли; плательщиков 1, получателей 0. Граница depth=4: удержание неизвестно."
100000000425407100,terminal,0.66621300,2,0.22084600,"Вход 20,000 KZT от 1 плательщиков; исходящих связей нет. Не seed/граница; конечный только в выборке."
100000000437046100,coordinator,0.99073500,0,0.96203700,Seed-предков 4≥2; входящих 9≥3; исходящих 42≥2; ранг посредничества 96.9%≥90%.
100000000440392100,terminal,0.83545600,16,0.35516300,"Вход 105,705 KZT от 1 плательщиков; исходящих связей нет. Не seed/граница; конечный только в выборке."
100000000456947100,peripheral,0.00000000,17,0.00000000,"Недостаточно наблюдений для роли; плательщиков 0, получателей 0. Нет рёбер: недостаточно наблюдений."
100000000470237100,peripheral,0.00000000,15,0.33654800,"Недостаточно наблюдений для роли; плательщиков 1, получателей 0. Граница depth=4: удержание неизвестно."
100000000481716100,terminal,0.66621300,18,0.23690700,"Вход 8,000 KZT от 1 плательщиков; исходящих связей нет. Не seed/граница; конечный только в выборке."
100000000489417100,transit,0.51937300,12,0.56391700,"Объёмный транзит: выход/вход 109% в [80%; 120%]; плательщиков 3, получателей 1. Не seed/граница."
100000000490383100,peripheral,0.00000000,16,0.81318900,"Порогов конкретных ролей не достиг: плательщиков 3, получателей 8, выход/вход 737%."
100000000500040100,peripheral,0.00000000,0,0.29630200,"Недостаточно наблюдений для роли; плательщиков 1, получателей 0. Граница depth=4: удержание неизвестно."
100000000507799100,peripheral,0.00000000,19,0.35435600,"Порогов конкретных ролей не достиг: плательщиков 1, получателей 1, выход/вход 156%."
100000000533217100,terminal,0.66621300,0,0.36629300,"Вход 53,587 KZT от 1 плательщиков; исходящих связей нет. Не seed/граница; конечный только в выборке."
100000000534581100,peripheral,0.00000000,8,0.49402600,"Порогов конкретных ролей не достиг: плательщиков 2, получателей 1, выход/вход 71%."
100000000542087100,peripheral,0.00000000,20,0.21802300,"Недостаточно наблюдений для роли; плательщиков 1, получателей 0. Граница depth=4: удержание неизвестно."
100000000552584100,peripheral,0.00000000,21,0.58047800,"Порогов конкретных ролей не достиг: плательщиков 1, получателей 1, выход/вход 2%."
100000000555721100,terminal,0.88770800,0,0.42853500,"Вход 113,000 KZT от 2 плательщиков; исходящих связей нет. Не seed/граница; конечный только в выборке."
100000000557536100,peripheral,0.00000000,20,0.41582400,"Недостаточно наблюдений для роли; плательщиков 1, получателей 0. Граница depth=4: удержание неизвестно."
100000000560751100,terminal,0.66621300,12,0.39091900,"Вход 25,000 KZT от 1 плательщиков; исходящих связей нет. Не seed/граница; конечный только в выборке."
100000000561160100,peripheral,0.00000000,2,0.46557100,"Недостаточно наблюдений для роли; плательщиков 1, получателей 0. Граница depth=4: удержание неизвестно."
100000000569479100,terminal,0.66621300,0,0.39473600,"Вход 320,000 KZT от 1 плательщиков; исходящих связей нет. Не seed/граница; конечный только в выборке."
100000000572276100,peripheral,0.00000000,22,0.22143300,"Порогов конкретных ролей не достиг: плательщиков 1, получателей 1, выход/вход 264%."
100000000580561100,peripheral,0.00000000,23,0.55455600,"Недостаточно наблюдений для роли; плательщиков 2, получателей 3. Seed: вход неполный."
100000000581662100,peripheral,0.00000000,24,0.22102600,"Недостаточно наблюдений для роли; плательщиков 1, получателей 0. Граница depth=4: удержание неизвестно."
100000000581682100,peripheral,0.00000000,15,0.13255600,"Недостаточно наблюдений для роли; плательщиков 1, получателей 0. Граница depth=4: удержание неизвестно."
100000000583220100,peripheral,0.00000000,25,0.51907500,"Порогов конкретных ролей не достиг: плательщиков 1, получателей 1, выход/вход 15225%."
100000000594783100,peripheral,0.00000000,21,0.61439100,"Порогов конкретных ролей не достиг: плательщиков 1, получателей 2, выход/вход 6%."
100000000596954100,peripheral,0.00000000,2,0.68989700,"Порогов конкретных ролей не достиг: плательщиков 1, получателей 2, выход/вход 40%."
100000000600707100,peripheral,0.00000000,26,0.37898900,"Недостаточно наблюдений для роли; плательщиков 1, получателей 0. Граница depth=4: удержание неизвестно."
100000000607731100,peripheral,0.00000000,27,0.33269000,"Порогов конкретных ролей не достиг: плательщиков 1, получателей 1, выход/вход 333%."
100000000607941100,peripheral,0.00000000,16,0.67822700,"Порогов конкретных ролей не достиг: плательщиков 2, получателей 1, выход/вход 140%."
100000000608031100,peripheral,0.00000000,28,0.32219200,"Недостаточно наблюдений для роли; плательщиков 1, получателей 0. Граница depth=4: удержание неизвестно."
100000000611474100,terminal,0.66621300,29,0.33663800,"Вход 32,000 KZT от 1 плательщиков; исходящих связей нет. Не seed/граница; конечный только в выборке."
100000000625169100,terminal,0.66621300,22,0.13278000,"Вход 10,000 KZT от 1 плательщиков; исходящих связей нет. Не seed/граница; конечный только в выборке."
100000000627521100,peripheral,0.00000000,30,0.21219000,"Недостаточно наблюдений для роли; плательщиков 1, получателей 0. Граница depth=4: удержание неизвестно."
100000000629812100,terminal,0.85520600,31,0.39761000,"Вход 22,000 KZT от 2 плательщиков; исходящих связей нет. Не seed/граница; конечный только в выборке."
100000000634341100,peripheral,0.00000000,0,0.31456500,"Недостаточно наблюдений для роли; плательщиков 1, получателей 0. Граница depth=4: удержание неизвестно."
100000000640800100,peripheral,0.00000000,8,0.59319500,"Порогов конкретных ролей не достиг: плательщиков 1, получателей 4, выход/вход 648%."
100000000646541100,consolidator,0.72919300,0,0.46763300,"Плательщиков 3≥3; вход 25,300 KZT; выход/вход 0%≤20%. Не seed/граница."
100000000655469100,peripheral,0.00000000,32,0.33129600,"Недостаточно наблюдений для роли; плательщиков 1, получателей 0. Граница depth=4: удержание неизвестно."
100000000656682100,transit,0.45539900,0,0.46944800,"Объёмный транзит: выход/вход 113% в [80%; 120%]; плательщиков 1, получателей 2. Не seed/граница."
100000000661131100,terminal,0.66621300,22,0.13726600,"Вход 15,600 KZT от 1 плательщиков; исходящих связей нет. Не seed/граница; конечный только в выборке."
100000000661912100,coordinator,0.68639100,8,0.83726600,Seed-предков 2≥2; входящих 5≥3; исходящих 2≥2; ранг посредничества 94.9%≥90%.
100000000667713100,peripheral,0.00000000,16,0.72855500,"Порогов конкретных ролей не достиг: плательщиков 2, получателей 6, выход/вход 66%."
100000000673868100,peripheral,0.00000000,33,0.68304200,"Порогов конкретных ролей не достиг: плательщиков 1, получателей 5, выход/вход 19%."
100000000673915100,peripheral,0.00000000,20,0.25898300,"Недостаточно наблюдений для роли; плательщиков 1, получателей 0. Граница depth=4: удержание неизвестно."
100000000703894100,peripheral,0.00000000,27,0.40465100,"Порогов конкретных ролей не достиг: плательщиков 1, получателей 1, выход/вход 29%."
100000000703902100,terminal,0.66621300,22,0.18755800,"Вход 25,499 KZT от 1 плательщиков; исходящих связей нет. Не seed/граница; конечный только в выборке."
100000000704700100,peripheral,0.00000000,34,0.27073400,"Недостаточно наблюдений для роли; плательщиков 1, получателей 0. Граница depth=4: удержание неизвестно."
100000000706545100,consolidator,0.63560900,16,0.70789600,"Плательщиков 3≥3; вход 1,070,300 KZT; выход/вход 7%≤20%. Не seed/граница."
100000000718427100,terminal,0.66621300,22,0.11106600,"Вход 6,000 KZT от 1 плательщиков; исходящих связей нет. Не seed/граница; конечный только в выборке."
100000000723383100,peripheral,0.00000000,32,0.56112300,"Порогов конкретных ролей не достиг: плательщиков 1, получателей 2, выход/вход 1103%."
100000000724540100,peripheral,0.00000000,35,0.54177100,"Порогов конкретных ролей не достиг: плательщиков 1, получателей 1, выход/вход 200%."
100000000733373100,terminal,0.66621300,16,0.30855600,"Вход 10,710 KZT от 1 плательщиков; исходящих связей нет. Не seed/граница; конечный только в выборке."
100000000733451100,peripheral,0.00000000,12,0.61719600,"Порогов конкретных ролей не достиг: плательщиков 1, получателей 1, выход/вход 429%."
100000000733940100,peripheral,0.00000000,36,0.41905200,"Недостаточно наблюдений для роли; плательщиков 1, получателей 0. Граница depth=4: удержание неизвестно."
100000000737152100,peripheral,0.00000000,0,0.39630900,"Недостаточно наблюдений для роли; плательщиков 1, получателей 0. Граница depth=4: удержание неизвестно."
100000000749118100,peripheral,0.00000000,0,0.28269300,"Порогов конкретных ролей не достиг: плательщиков 1, получателей 1, выход/вход 160%."
100000000764836100,peripheral,0.00000000,8,0.52970300,"Порогов конкретных ролей не достиг: плательщиков 1, получателей 2, выход/вход 20%."
100000000765628100,terminal,0.66621300,16,0.19706900,"Вход 5,000 KZT от 1 плательщиков; исходящих связей нет. Не seed/граница; конечный только в выборке."
100000000769919100,terminal,0.66621300,37,0.42986400,"Вход 250,000 KZT от 1 плательщиков; исходящих связей нет. Не seed/граница; конечный только в выборке."
100000000782285100,terminal,0.66621300,0,0.20837400,"Вход 6,151 KZT от 1 плательщиков; исходящих связей нет. Не seed/граница; конечный только в выборке."
100000000783406100,terminal,0.66621300,38,0.13327300,"Вход 6,066 KZT от 1 плательщиков; исходящих связей нет. Не seed/граница; конечный только в выборке."
100000000785800100,transit,0.66666700,39,0.28339800,"Объёмный транзит: выход/вход 100% в [80%; 120%]; плательщиков 1, получателей 1. Не seed/граница."
100000000790311100,terminal,0.66621300,3,0.36122600,"Вход 46,300 KZT от 1 плательщиков; исходящих связей нет. Не seed/граница; конечный только в выборке."
100000000791285100,peripheral,0.00000000,14,0.63930500,"Порогов конкретных ролей не достиг: плательщиков 1, получателей 3, выход/вход 58%."
100000000795033100,terminal,0.66621300,0,0.36700700,"Вход 18,200 KZT от 1 плательщиков; исходящих связей нет. Не seed/граница; конечный только в выборке."
100000000795129100,terminal,0.66621300,3,0.50371100,"Вход 332,000 KZT от 1 плательщиков; исходящих связей нет. Не seed/граница; конечный только в выборке."
100000000795374100,terminal,0.66621300,8,0.24345700,"Вход 50,000 KZT от 1 плательщиков; исходящих связей нет. Не seed/граница; конечный только в выборке."
100000000802149100,terminal,0.66621300,0,0.27333600,"Вход 104,128 KZT от 1 плательщиков; исходящих связей нет. Не seed/граница; конечный только в выборке."
100000000803368100,peripheral,0.00000000,40,0.39240300,"Недостаточно наблюдений для роли; плательщиков 1, получателей 0. Граница depth=4: удержание неизвестно."
100000000806727100,peripheral,0.00000000,8,0.46541500,"Порогов конкретных ролей не достиг: плательщиков 1, получателей 1, выход/вход 11%."
100000000810551100,peripheral,0.00000000,2,0.59688100,"Порогов конкретных ролей не достиг: плательщиков 1, получателей 1, выход/вход 7%."
100000000817146100,terminal,0.66621300,16,0.50442200,"Вход 70,020 KZT от 1 плательщиков; исходящих связей нет. Не seed/граница; конечный только в выборке."
100000000821507100,terminal,0.66621300,33,0.48913100,"Вход 400,000 KZT от 1 плательщиков; исходящих связей нет. Не seed/граница; конечный только в выборке."
100000000831684100,peripheral,0.00000000,7,0.40143300,"Порогов конкретных ролей не достиг: плательщиков 1, получателей 1, выход/вход 333%."
100000000838385100,peripheral,0.00000000,15,0.60942100,"Порогов конкретных ролей не достиг: плательщиков 1, получателей 2, выход/вход 41%."
100000000850297100,transit,0.66666700,18,0.20583000,"Объёмный транзит: выход/вход 100% в [80%; 120%]; плательщиков 1, получателей 1. Не seed/граница."
100000000860514100,peripheral,0.00000000,13,0.37673500,"Порогов конкретных ролей не достиг: плательщиков 1, получателей 1, выход/вход 417%."
100000000861294100,terminal,0.66621300,1,0.32726200,"Вход 150,000 KZT от 1 плательщиков; исходящих связей нет. Не seed/граница; конечный только в выборке."
100000000870121100,terminal,0.66621300,12,0.29006600,"Вход 12,000 KZT от 1 плательщиков; исходящих связей нет. Не seed/граница; конечный только в выборке."
100000000878006100,terminal,0.66621300,10,0.29527700,"Вход 47,003 KZT от 1 плательщиков; исходящих связей нет. Не seed/граница; конечный только в выборке."
100000000896111100,terminal,0.66621300,21,0.38809600,"Вход 287,100 KZT от 1 плательщиков; исходящих связей нет. Не seed/граница; конечный только в выборке."
100000000907277100,terminal,0.66621300,22,0.15453800,"Вход 17,534 KZT от 1 плательщиков; исходящих связей нет. Не seed/граница; конечный только в выборке."
100000000910216100,peripheral,0.00000000,2,0.58472900,"Порогов конкретных ролей не достиг: плательщиков 1, получателей 1, выход/вход 73%."
100000000912487100,terminal,0.66621300,2,0.26154000,"Вход 10,000 KZT от 1 плательщиков; исходящих связей нет. Не seed/граница; конечный только в выборке."
100000000913911100,peripheral,0.00000000,2,0.63633400,"Порогов конкретных ролей не достиг: плательщиков 2, получателей 1, выход/вход 128%."
100000000917179100,terminal,0.78853900,40,0.35310300,"Вход 94,465 KZT от 1 плательщиков; исходящих связей нет. Не seed/граница; конечный только в выборке."
100000000922570100,transit,0.56408600,7,0.25863100,"Объёмный транзит: выход/вход 106% в [80%; 120%]; плательщиков 1, получателей 1. Не seed/граница."
100000000926078100,peripheral,0.00000000,8,0.47705600,"Недостаточно наблюдений для роли; плательщиков 1, получателей 0. Граница depth=4: удержание неизвестно."
100000000926766100,peripheral,0.00000000,13,0.25917200,"Порогов конкретных ролей не достиг: плательщиков 1, получателей 1, выход/вход 32%."
100000000933075100,peripheral,0.00000000,7,0.59415200,"Порогов конкретных ролей не достиг: плательщиков 1, получателей 2, выход/вход 138%."
100000000941942100,terminal,0.66621300,2,0.44982300,"Вход 130,000 KZT от 1 плательщиков; исходящих связей нет. Не seed/граница; конечный только в выборке."
100000000942301100,terminal,0.78853900,0,0.34053700,"Вход 57,580 KZT от 1 плательщиков; исходящих связей нет. Не seed/граница; конечный только в выборке."
100000000943371100,terminal,0.66621300,12,0.35093800,"Вход 15,500 KZT от 1 плательщиков; исходящих связей нет. Не seed/граница; конечный только в выборке."
100000000945428100,terminal,0.66621300,0,0.28697500,"Вход 89,629 KZT от 1 плательщиков; исходящих связей нет. Не seed/граница; конечный только в выборке."
100000000954884100,terminal,0.66621300,38,0.25839700,"Вход 34,000 KZT от 1 плательщиков; исходящих связей нет. Не seed/граница; конечный только в выборке."
100000000955444100,terminal,0.66621300,23,0.22623000,"Вход 6,910 KZT от 1 плательщиков; исходящих связей нет. Не seed/граница; конечный только в выборке."
100000000955529100,peripheral,0.00000000,2,0.31137900,"Порогов конкретных ролей не достиг: плательщиков 1, получателей 1, выход/вход 235%."
100000000957746100,peripheral,0.00000000,28,0.33053900,"Недостаточно наблюдений для роли; плательщиков 1, получателей 0. Граница depth=4: удержание неизвестно."
100000000961900100,terminal,0.88770800,0,0.26730000,"Вход 36,000 KZT от 2 плательщиков; исходящих связей нет. Не seed/граница; конечный только в выборке."
100000000967918100,terminal,0.82104100,0,0.36471900,"Вход 21,200 KZT от 1 плательщиков; исходящих связей нет. Не seed/граница; конечный только в выборке."
100000000968253100,terminal,0.66621300,22,0.14206600,"Вход 15,000 KZT от 1 плательщиков; исходящих связей нет. Не seed/граница; конечный только в выборке."
100000000971908100,terminal,0.66621300,1,0.28701900,"Вход 89,000 KZT от 1 плательщиков; исходящих связей нет. Не seed/граница; конечный только в выборке."
100000000976943100,transit,0.33333300,11,0.45294300,"Объёмный транзит: выход/вход 120% в [80%; 120%]; плательщиков 1, получателей 1. Не seed/граница."
100000000978041100,terminal,0.66621300,22,0.23143400,"Вход 44,445 KZT от 1 плательщиков; исходящих связей нет. Не seed/граница; конечный только в выборке."
100000000979567100,terminal,0.66621300,22,0.26795300,"Вход 10,000 KZT от 1 плательщиков; исходящих связей нет. Не seed/граница; конечный только в выборке."
100000000979923100,terminal,0.66621300,11,0.42774300,"Вход 97,900 KZT от 1 плательщиков; исходящих связей нет. Не seed/граница; конечный только в выборке."
100000000981693100,peripheral,0.00000000,0,0.35767500,"Недостаточно наблюдений для роли; плательщиков 1, получателей 0. Граница depth=4: удержание неизвестно."
100000000993112100,terminal,0.66621300,41,0.37279800,"Вход 141,000 KZT от 1 плательщиков; исходящих связей нет. Не seed/граница; конечный только в выборке."
100000000998559100,terminal,0.66621300,2,0.43116000,"Вход 100,000 KZT от 1 плательщиков; исходящих связей нет. Не seed/граница; конечный только в выборке."
100000001009583100,terminal,0.66621300,10,0.44036400,"Вход 393,740 KZT от 1 плательщиков; исходящих связей нет. Не seed/граница; конечный только в выборке."
100000001046057100,terminal,0.66621300,42,0.30913700,"Вход 83,420 KZT от 1 плательщиков; исходящих связей нет. Не seed/граница; конечный только в выборке."
100000001046626100,terminal,0.66621300,10,0.37253100,"Вход 150,000 KZT от 1 плательщиков; исходящих связей нет. Не seed/граница; конечный только в выборке."
100000001049200100,peripheral,0.00000000,43,0.69195500,"Порогов конкретных ролей не достиг: плательщиков 2, получателей 4, выход/вход 47%."
100000001052789100,terminal,0.66621300,43,0.26579900,"Вход 70,975 KZT от 1 плательщиков; исходящих связей нет. Не seed/граница; конечный только в выборке."
100000001052945100,peripheral,0.00000000,44,0.56581000,"Порогов конкретных ролей не достиг: плательщиков 1, получателей 3, выход/вход 2823%."
100000001053894100,peripheral,0.00000000,30,0.54624100,"Недостаточно наблюдений для роли; плательщиков 1, получателей 0. Граница depth=4: удержание неизвестно."
100000001056414100,terminal,0.66621300,24,0.38786800,"Вход 250,000 KZT от 1 плательщиков; исходящих связей нет. Не seed/граница; конечный только в выборке."
100000001063678100,peripheral,0.00000000,29,0.56718200,"Порогов конкретных ролей не достиг: плательщиков 1, получателей 2, выход/вход 257%."
100000001065234100,peripheral,0.00000000,3,0.42721700,"Недостаточно наблюдений для роли; плательщиков 1, получателей 0. Граница depth=4: удержание неизвестно."
100000001065481100,peripheral,0.00000000,12,0.27055500,"Недостаточно наблюдений для роли; плательщиков 1, получателей 0. Граница depth=4: удержание неизвестно."
100000001066017100,peripheral,0.00000000,0,0.64024700,"Порогов конкретных ролей не достиг: плательщиков 2, получателей 4, выход/вход 61%."
100000001072022100,consolidator,0.73712600,2,0.63567600,"Плательщиков 3≥3; вход 1,684,000 KZT; выход/вход 0%≤20%. Не seed/граница."
100000001073568100,peripheral,0.00000000,40,0.54119400,"Порогов конкретных ролей не достиг: плательщиков 1, получателей 2, выход/вход 31%."
100000001074553100,terminal,0.85520600,4,0.30264900,"Вход 28,971 KZT от 2 плательщиков; исходящих связей нет. Не seed/граница; конечный только в выборке."
100000001083990100,terminal,0.78853900,7,0.40890900,"Вход 49,900 KZT от 1 плательщиков; исходящих связей нет. Не seed/граница; конечный только в выборке."
100000001089055100,peripheral,0.00000000,28,0.22972900,"Недостаточно наблюдений для роли; плательщиков 1, получателей 0. Граница depth=4: удержание неизвестно."
100000001102676100,transit,0.66666700,2,0.47584300,"Объёмный транзит: выход/вход 100% в [80%; 120%]; плательщиков 1, получателей 1. Не seed/граница."
100000001103905100,terminal,0.66621300,22,0.15767900,"Вход 18,000 KZT от 1 плательщиков; исходящих связей нет. Не seed/граница; конечный только в выборке."
100000001110358100,terminal,0.85520600,0,0.33032900,"Вход 32,000 KZT от 2 плательщиков; исходящих связей нет. Не seed/граница; конечный только в выборке."
100000001111763100,terminal,0.66621300,22,0.15220600,"Вход 17,144 KZT от 1 плательщиков; исходящих связей нет. Не seed/граница; конечный только в выборке."
100000001114385100,terminal,0.66621300,2,0.26337300,"Вход 29,500 KZT от 1 плательщиков; исходящих связей нет. Не seed/граница; конечный только в выборке."
100000001126374100,consolidator,0.58308900,0,0.63644600,"Плательщиков 4≥3; вход 182,500 KZT; выход/вход 16%≤20%. Не seed/граница."
100000001130176100,terminal,0.78853900,0,0.42838600,"Вход 25,000 KZT от 1 плательщиков; исходящих связей нет. Не seed/граница; конечный только в выборке."
100000001130553100,peripheral,0.00000000,10,0.40689600,"Недостаточно наблюдений для роли; плательщиков 1, получателей 0. Граница depth=4: удержание неизвестно."
100000001131403100,peripheral,0.00000000,44,0.45063500,"Недостаточно наблюдений для роли; плательщиков 1, получателей 0. Граница depth=4: удержание неизвестно."
100000001138283100,peripheral,0.00000000,8,0.38337900,"Порогов конкретных ролей не достиг: плательщиков 1, получателей 2, выход/вход 61%."
100000001138376100,terminal,0.66621300,3,0.26764100,"Вход 15,300 KZT от 1 плательщиков; исходящих связей нет. Не seed/граница; конечный только в выборке."
100000001140785100,terminal,0.85520600,42,0.49848300,"Вход 215,000 KZT от 2 плательщиков; исходящих связей нет. Не seed/граница; конечный только в выборке."
100000001141268100,peripheral,0.00000000,35,0.67098600,"Порогов конкретных ролей не достиг: плательщиков 2, получателей 1, выход/вход 2%."
100000001145749100,terminal,0.66621300,2,0.33407700,"Вход 10,000 KZT от 1 плательщиков; исходящих связей нет. Не seed/граница; конечный только в выборке."
100000001149815100,terminal,0.66621300,22,0.12407600,"Вход 12,000 KZT от 1 плательщиков; исходящих связей нет. Не seed/граница; конечный только в выборке."
100000001155773100,terminal,0.66621300,22,0.16315200,"Вход 21,500 KZT от 1 плательщиков; исходящих связей нет. Не seed/граница; конечный только в выборке."
100000001160401100,terminal,0.78853900,0,0.26315200,"Вход 47,190 KZT от 1 плательщиков; исходящих связей нет. Не seed/граница; конечный только в выборке."
100000001162560100,distributor,0.72538200,4,0.52529300,"Получателей 12≥10; исходящих переводов 14≥10; выход 2,904,398 KZT."
100000001164648100,terminal,0.85520600,18,0.30584000,"Вход 13,660 KZT от 2 плательщиков; исходящих связей нет. Не seed/граница; конечный только в выборке."
100000001166289100,peripheral,0.00000000,22,0.54187500,"Порогов конкретных ролей не достиг: плательщиков 2, получателей 1, выход/вход 3%."
100000001169666100,peripheral,0.00000000,18,0.46587800,"Порогов конкретных ролей не достиг: плательщиков 1, получателей 1, выход/вход 11%."
100000001184915100,terminal,0.78853900,3,0.47383200,"Вход 201,000 KZT от 1 плательщиков; исходящих связей нет. Не seed/граница; конечный только в выборке."
100000001194266100,terminal,0.66621300,2,0.37472200,"Вход 50,000 KZT от 1 плательщиков; исходящих связей нет. Не seed/граница; конечный только в выборке."
100000001202637100,peripheral,0.00000000,18,0.27710500,"Недостаточно наблюдений для роли; плательщиков 1, получателей 0. Граница depth=4: удержание неизвестно."
100000001202787100,peripheral,0.00000000,0,0.39951500,"Недостаточно наблюдений для роли; плательщиков 2, получателей 0. Граница depth=4: удержание неизвестно."
100000001220124100,peripheral,0.00000000,8,0.40873000,"Недостаточно наблюдений для роли; плательщиков 1, получателей 0. Граница depth=4: удержание неизвестно."
100000001222245100,peripheral,0.00000000,10,0.54171000,"Недостаточно наблюдений для роли; плательщиков 1, получателей 0. Граница depth=4: удержание неизвестно."
100000001222263100,peripheral,0.00000000,10,0.55990900,"Порогов конкретных ролей не достиг: плательщиков 1, получателей 1, выход/вход 56%."
100000001223977100,peripheral,0.00000000,45,0.41346500,"Порогов конкретных ролей не достиг: плательщиков 1, получателей 1, выход/вход 360%."
100000001227106100,terminal,0.66621300,10,0.37899200,"Вход 164,765 KZT от 1 плательщиков; исходящих связей нет. Не seed/граница; конечный только в выборке."
100000001229743100,peripheral,0.00000000,0,0.20320000,"Порогов конкретных ролей не достиг: плательщиков 1, получателей 1, выход/вход 129%."
100000001232297100,peripheral,0.00000000,12,0.41662500,"Порогов конкретных ролей не достиг: плательщиков 1, получателей 2, выход/вход 900%."
100000001236706100,peripheral,0.00000000,12,0.77648800,"Порогов конкретных ролей не достиг: плательщиков 3, получателей 2, выход/вход 25%."
100000001241318100,terminal,0.66621300,0,0.34570000,"Вход 53,000 KZT от 1 плательщиков; исходящих связей нет. Не seed/граница; конечный только в выборке."
100000001246806100,peripheral,0.00000000,4,0.38383400,"Недостаточно наблюдений для роли; плательщиков 1, получателей 0. Граница depth=4: удержание неизвестно."
100000001248999100,terminal,0.66621300,28,0.16853600,"Вход 23,425 KZT от 1 плательщиков; исходящих связей нет. Не seed/граница; конечный только в выборке."
100000001249054100,peripheral,0.00000000,18,0.24686300,"Недостаточно наблюдений для роли; плательщиков 1, получателей 0. Граница depth=4: удержание неизвестно."
100000001250022100,terminal,0.66621300,1,0.24090000,"Вход 50,000 KZT от 1 плательщиков; исходящих связей нет. Не seed/граница; конечный только в выборке."
100000001251686100,terminal,0.66621300,2,0.30460800,"Вход 18,000 KZT от 1 плательщиков; исходящих связей нет. Не seed/граница; конечный только в выборке."
100000001252290100,peripheral,0.00000000,10,0.44873800,"Порогов конкретных ролей не достиг: плательщиков 1, получателей 1, выход/вход 4%."
100000001253557100,consolidator,0.90071000,42,0.56466000,"Плательщиков 5≥3; вход 210,200 KZT; выход/вход 0%≤20%. Не seed/граница."
100000001256409100,peripheral,0.00000000,8,0.27046500,"Недостаточно наблюдений для роли; плательщиков 1, получателей 0. Граница depth=4: удержание неизвестно."
100000001262647100,terminal,0.66621300,3,0.22632000,"Вход 23,650 KZT от 1 плательщиков; исходящих связей нет. Не seed/граница; конечный только в выборке."
100000001270349100,terminal,0.66621300,46,0.36494700,"Вход 200,000 KZT от 1 плательщиков; исходящих связей нет. Не seed/граница; конечный только в выборке."
100000001270470100,peripheral,0.00000000,0,0.37324300,"Недостаточно наблюдений для роли; плательщиков 1, получателей 0. Граница depth=4: удержание неизвестно."
100000001273783100,terminal,0.66621300,18,0.20640000,"Вход 23,200 KZT от 1 плательщиков; исходящих связей нет. Не seed/граница; конечный только в выборке."
100000001275557100,peripheral,0.00000000,29,0.25862100,"Недостаточно наблюдений для роли; плательщиков 1, получателей 0. Граница depth=4: удержание неизвестно."
100000001275752100,terminal,0.66621300,4,0.28015500,"Вход 151,500 KZT от 1 плательщиков; исходящих связей нет. Не seed/граница; конечный только в выборке."
100000001276409100,peripheral,0.00000000,18,0.39186100,"Недостаточно наблюдений для роли; плательщиков 1, получателей 0. Граница depth=4: удержание неизвестно."
100000001279272100,peripheral,0.00000000,0,0.56618100,"Порогов конкретных ролей не достиг: плательщиков 1, получателей 2, выход/вход 55%."
100000001279875100,terminal,0.66621300,24,0.26310700,"Вход 49,235 KZT от 1 плательщиков; исходящих связей нет. Не seed/граница; конечный только в выборке."
100000001280798100,terminal,0.66621300,18,0.20011900,"Вход 23,785 KZT от 1 плательщиков; исходящих связей нет. Не seed/граница; конечный только в выборке."
100000001282143100,consolidator,0.90379300,24,0.62657200,"Плательщиков 5≥3; вход 1,700,000 KZT; выход/вход 0%≤20%. Не seed/граница."
100000001285440100,terminal,0.85520600,35,0.39865900,"Вход 243,000 KZT от 2 плательщиков; исходящих связей нет. Не seed/граница; конечный только в выборке."
100000001286703100,peripheral,0.00000000,30,0.25687400,"Недостаточно наблюдений для роли; плательщиков 1, получателей 0. Граница depth=4: удержание неизвестно."
100000001287955100,peripheral,0.00000000,24,0.57193900,"Порогов конкретных ролей не достиг: плательщиков 1, получателей 4, выход/вход 1769%."
100000001290243100,terminal,0.66621300,16,0.21555200,"Вход 10,000 KZT от 1 плательщиков; исходящих связей нет. Не seed/граница; конечный только в выборке."
100000001297206100,peripheral,0.00000000,0,0.17015100,"Недостаточно наблюдений для роли; плательщиков 1, получателей 0. Граница depth=4: удержание неизвестно."
100000001298099100,terminal,0.66621300,18,0.18020000,"Вход 19,000 KZT от 1 плательщиков; исходящих связей нет. Не seed/граница; конечный только в выборке."
100000001299323100,peripheral,0.00000000,4,0.36507800,"Недостаточно наблюдений для роли; плательщиков 1, получателей 0. Граница depth=4: удержание неизвестно."
100000001299443100,peripheral,0.00000000,18,0.13417100,"Недостаточно наблюдений для роли; плательщиков 1, получателей 0. Граница depth=4: удержание неизвестно."
100000001299828100,peripheral,0.00000000,0,0.38055900,"Недостаточно наблюдений для роли; плательщиков 1, получателей 0. Граница depth=4: удержание неизвестно."
100000001303311100,consolidator,0.90071000,35,0.60657700,"Плательщиков 5≥3; вход 1,324,000 KZT; выход/вход 0%≤20%. Не seed/граница."
100000001307612100,terminal,0.66621300,22,0.22084600,"Вход 38,483 KZT от 1 плательщиков; исходящих связей нет. Не seed/граница; конечный только в выборке."
100000001308856100,terminal,0.66621300,22,0.21048300,"Вход 27,000 KZT от 1 плательщиков; исходящих связей нет. Не seed/граница; конечный только в выборке."
100000001311175100,peripheral,0.00000000,24,0.41438600,"Недостаточно наблюдений для роли; плательщиков 1, получателей 0. Граница depth=4: удержание неизвестно."
100000001317336100,peripheral,0.00000000,36,0.58272300,"Порогов конкретных ролей не достиг: плательщиков 1, получателей 2, выход/вход 1335%."
100000001325618100,peripheral,0.00000000,18,0.14134900,"Недостаточно наблюдений для роли; плательщиков 1, получателей 0. Граница depth=4: удержание неизвестно."
100000001329153100,terminal,0.66621300,0,0.35722700,"Вход 150,687 KZT от 1 плательщиков; исходящих связей нет. Не seed/граница; конечный только в выборке."
100000001330595100,peripheral,0.00000000,34,0.50583900,"Порогов конкретных ролей не достиг: плательщиков 3, получателей 1, выход/вход 177%."
100000001330685100,consolidator,0.67786900,10,0.68022400,"Плательщиков 3≥3; вход 2,435,923 KZT; выход/вход 4%≤20%. Не seed/граница."
100000001339466100,terminal,0.66621300,2,0.35176000,"Вход 30,000 KZT от 1 плательщиков; исходящих связей нет. Не seed/граница; конечный только в выборке."
100000001346560100,peripheral,0.00000000,8,0.63081000,"Порогов конкретных ролей не достиг: плательщиков 2, получателей 1, выход/вход 222%."
100000001362940100,terminal,0.66621300,2,0.41420200,"Вход 81,000 KZT от 1 плательщиков; исходящих связей нет. Не seed/граница; конечный только в выборке."
100000001363952100,peripheral,0.00000000,8,0.45207600,"Порогов конкретных ролей не достиг: плательщиков 2, получателей 1, выход/вход 46%."
100000001373265100,peripheral,0.00000000,8,0.40687800,"Порогов конкретных ролей не достиг: плательщиков 1, получателей 1, выход/вход 4%."
100000001378288100,peripheral,0.00000000,8,0.40604100,"Недостаточно наблюдений для роли; плательщиков 1, получателей 0. Граница depth=4: удержание неизвестно."
100000001379511100,terminal,0.66621300,42,0.27782200,"Вход 55,000 KZT от 1 плательщиков; исходящих связей нет. Не seed/граница; конечный только в выборке."
100000001380054100,peripheral,0.00000000,27,0.58969000,"Порогов конкретных ролей не достиг: плательщиков 2, получателей 3, выход/вход 283%."
100000001380107100,terminal,0.66621300,31,0.21146600,"Вход 6,000 KZT от 1 плательщиков; исходящих связей нет. Не seed/граница; конечный только в выборке."
100000001380986100,terminal,0.66621300,4,0.24363700,"Вход 70,170 KZT от 1 плательщиков; исходящих связей нет. Не seed/граница; конечный только в выборке."
100000001382002100,transit,0.77651500,0,0.39277500,"Объёмный транзит: выход/вход 103% в [80%; 120%]; плательщиков 1, получателей 1. Не seed/граница."
100000001384826100,peripheral,0.00000000,10,0.51639200,"Порогов конкретных ролей не достиг: плательщиков 1, получателей 1, выход/вход 3%."
100000001386612100,terminal,0.66621300,47,0.44897800,"Вход 62,264 KZT от 1 плательщиков; исходящих связей нет. Не seed/граница; конечный только в выборке."
100000001389255100,terminal,0.66621300,22,0.14924500,"Вход 16,136 KZT от 1 плательщиков; исходящих связей нет. Не seed/граница; конечный только в выборке."
100000001411870100,terminal,0.90212300,1,0.55047300,"Вход 900,000 KZT от 2 плательщиков; исходящих связей нет. Не seed/граница; конечный только в выборке."
100000001415126100,peripheral,0.00000000,47,0.36857700,"Недостаточно наблюдений для роли; плательщиков 1, получателей 0. Seed: вход неполный."
100000001418900100,terminal,0.78853900,22,0.24157300,"Вход 40,140 KZT от 1 плательщиков; исходящих связей нет. Не seed/граница; конечный только в выборке."
100000001420847100,terminal,0.78853900,43,0.21689800,"Вход 20,000 KZT от 1 плательщиков; исходящих связей нет. Не seed/граница; конечный только в выборке."
100000001427082100,peripheral,0.00000000,32,0.66843100,"Порогов конкретных ролей не достиг: плательщиков 1, получателей 5, выход/вход 2498%."
100000001429930100,peripheral,0.00000000,12,0.34825400,"Недостаточно наблюдений для роли; плательщиков 1, получателей 0. Seed: вход неполный."
100000001439416100,peripheral,0.00000000,0,0.48981900,"Порогов конкретных ролей не достиг: плательщиков 1, получателей 2, выход/вход 1650%."
100000001445848100,peripheral,0.00000000,38,0.47568200,"Порогов конкретных ролей не достиг: плательщиков 1, получателей 1, выход/вход 64%."
100000001463701100,terminal,0.85520600,11,0.63359600,"Вход 621,000 KZT от 2 плательщиков; исходящих связей нет. Не seed/граница; конечный только в выборке."
100000001471706100,peripheral,0.00000000,47,0.42596100,"Недостаточно наблюдений для роли; плательщиков 1, получателей 0. Граница depth=4: удержание неизвестно."
100000001477796100,terminal,0.66621300,2,0.34924500,"Вход 182,000 KZT от 1 плательщиков; исходящих связей нет. Не seed/граница; конечный только в выборке."
100000001484381100,terminal,0.90212300,18,0.43840500,"Вход 95,585 KZT от 2 плательщиков; исходящих связей нет. Не seed/граница; конечный только в выборке."
100000001490461100,peripheral,0.00000000,18,0.43478400,"Порогов конкретных ролей не достиг: плательщиков 1, получателей 1, выход/вход 25%."
100000001498732100,peripheral,0.00000000,48,0.12582600,"Недостаточно наблюдений для роли; плательщиков 1, получателей 0. Граница depth=4: удержание неизвестно."
100000001524952100,terminal,0.66621300,0,0.30097200,"Вход 103,807 KZT от 1 плательщиков; исходящих связей нет. Не seed/граница; конечный только в выборке."
100000001526235100,peripheral,0.00000000,13,0.76555400,"Порогов конкретных ролей не достиг: плательщиков 3, получателей 8, выход/вход 528%."
100000001527186100,terminal,0.78853900,2,0.54964400,"Вход 678,000 KZT от 1 плательщиков; исходящих связей нет. Не seed/граница; конечный только в выборке."
100000001530709100,terminal,0.66621300,0,0.28078000,"Вход 53,961 KZT от 1 плательщиков; исходящих связей нет. Не seed/граница; конечный только в выборке."
100000001530740100,terminal,0.66621300,16,0.27925800,"Вход 15,000 KZT от 1 плательщиков; исходящих связей нет. Не seed/граница; конечный только в выборке."
100000001530983100,distributor,0.69696700,16,0.88030500,"Получателей 11≥10; исходящих переводов 17≥10; выход 1,829,538 KZT."
100000001533161100,peripheral,0.00000000,49,0.32340300,"Недостаточно наблюдений для роли; плательщиков 1, получателей 0. Граница depth=4: удержание неизвестно."
100000001534244100,peripheral,0.00000000,4,0.61482400,"Порогов конкретных ролей не достиг: плательщиков 2, получателей 1, выход/вход 12%."
100000001537524100,peripheral,0.00000000,24,0.29747300,"Недостаточно наблюдений для роли; плательщиков 1, получателей 0. Граница depth=4: удержание неизвестно."
100000001538095100,terminal,0.85520600,24,0.52024100,"Вход 280,000 KZT от 2 плательщиков; исходящих связей нет. Не seed/граница; конечный только в выборке."
100000001541418100,terminal,0.85520600,4,0.41337100,"Вход 96,900 KZT от 2 плательщиков; исходящих связей нет. Не seed/граница; конечный только в выборке."
100000001549194100,terminal,0.66621300,40,0.24623900,"Вход 46,500 KZT от 1 плательщиков; исходящих связей нет. Не seed/граница; конечный только в выборке."
100000001550388100,terminal,0.66621300,0,0.24076500,"Вход 50,000 KZT от 1 плательщиков; исходящих связей нет. Не seed/граница; конечный только в выборке."
100000001550419100,terminal,0.66621300,40,0.18670500,"Вход 23,000 KZT от 1 плательщиков; исходящих связей нет. Не seed/граница; конечный только в выборке."
100000001554432100,terminal,0.66621300,2,0.38266300,"Вход 53,920 KZT от 1 плательщиков; исходящих связей нет. Не seed/граница; конечный только в выборке."
100000001557930100,terminal,0.66621300,1,0.20918200,"Вход 34,610 KZT от 1 плательщиков; исходящих связей нет. Не seed/граница; конечный только в выборке."
100000001567366100,terminal,0.83545600,16,0.48526600,"Вход 824,070 KZT от 1 плательщиков; исходящих связей нет. Не seed/граница; конечный только в выборке."
100000001578517100,terminal,0.66621300,16,0.32550800,"Вход 30,000 KZT от 1 плательщиков; исходящих связей нет. Не seed/граница; конечный только в выборке."
100000001584286100,terminal,0.88770800,24,0.57608100,"Вход 738,699 KZT от 2 плательщиков; исходящих связей нет. Не seed/граница; конечный только в выборке."
100000001590795100,peripheral,0.00000000,18,0.11344400,"Недостаточно наблюдений для роли; плательщиков 1, получателей 0. Граница depth=4: удержание неизвестно."
100000001597424100,terminal,0.66621300,40,0.24991800,"Вход 48,100 KZT от 1 плательщиков; исходящих связей нет. Не seed/граница; конечный только в выборке."
100000001597505100,peripheral,0.00000000,41,0.31709700,"Порогов конкретных ролей не достиг: плательщиков 1, получателей 1, выход/вход 49%."
100000001598625100,peripheral,0.00000000,8,0.29217900,"Недостаточно наблюдений для роли; плательщиков 1, получателей 0. Граница depth=4: удержание неизвестно."
100000001600934100,peripheral,0.00000000,8,0.45567300,"Порогов конкретных ролей не достиг: плательщиков 1, получателей 1, выход/вход 6%."
100000001601320100,transit,0.56321800,1,0.44604600,"Объёмный транзит: выход/вход 106% в [80%; 120%]; плательщиков 2, получателей 1. Не seed/граница."
100000001609499100,consolidator,0.59986300,0,0.70535200,"Плательщиков 3≥3; вход 263,113 KZT; выход/вход 8%≤20%. Не seed/граница."
100000001611488100,terminal,0.88770800,10,0.62042100,"Вход 779,300 KZT от 2 плательщиков; исходящих связей нет. Не seed/граница; конечный только в выборке."
100000001616816100,peripheral,0.00000000,1,0.85603000,"Недостаточно наблюдений для роли; плательщиков 5, получателей 3. Seed: вход неполный."
100000001632325100,terminal,0.82104100,22,0.27549000,"Вход 85,600 KZT от 1 плательщиков; исходящих связей нет. Не seed/граница; конечный только в выборке."
100000001633685100,consolidator,0.71958300,0,0.42505800,"Плательщиков 3≥3; вход 45,000 KZT; выход/вход 0%≤20%. Не seed/граница."
100000001637376100,peripheral,0.00000000,10,0.46116600,"Порогов конкретных ролей не достиг: плательщиков 1, получателей 1, выход/вход 201%."
100000001639766100,terminal,0.66621300,1,0.31434100,"Вход 20,000 KZT от 1 плательщиков; исходящих связей нет. Не seed/граница; конечный только в выборке."
100000001641789100,terminal,0.66621300,1,0.42330200,"Вход 17,826 KZT от 1 плательщиков; исходящих связей нет. Не seed/граница; конечный только в выборке."
100000001641951100,terminal,0.83545600,8,0.39864600,"Вход 25,000 KZT от 1 плательщиков; исходящих связей нет. Не seed/граница; конечный только в выборке."
100000001648936100,terminal,0.66621300,1,0.29065300,"Вход 92,740 KZT от 1 плательщиков; исходящих связей нет. Не seed/граница; конечный только в выборке."
100000001650895100,peripheral,0.00000000,18,0.43846700,"Порогов конкретных ролей не достиг: плательщиков 1, получателей 1, выход/вход 7%."
100000001660397100,transit,0.81618700,0,0.53570100,"Объёмный транзит: выход/вход 101% в [80%; 120%]; плательщиков 2, получателей 3. Не seed/граница."
100000001669260100,peripheral,0.00000000,8,0.44049600,"Недостаточно наблюдений для роли; плательщиков 1, получателей 0. Граница depth=4: удержание неизвестно."
100000001674850100,terminal,0.85520600,42,0.46361800,"Вход 237,000 KZT от 2 плательщиков; исходящих связей нет. Не seed/граница; конечный только в выборке."
100000001677389100,peripheral,0.00000000,28,0.21271100,"Порогов конкретных ролей не достиг: плательщиков 1, получателей 1, выход/вход 49%."
100000001677929100,peripheral,0.00000000,1,0.58026200,"Порогов конкретных ролей не достиг: плательщиков 3, получателей 2, выход/вход 226%."
100000001680944100,terminal,0.66621300,35,0.49375200,"Вход 393,000 KZT от 1 плательщиков; исходящих связей нет. Не seed/граница; конечный только в выборке."
100000001684867100,terminal,0.66621300,16,0.25646400,"Вход 30,550 KZT от 1 плательщиков; исходящих связей нет. Не seed/граница; конечный только в выборке."
100000001686328100,terminal,0.66621300,4,0.40043000,"Вход 140,000 KZT от 1 плательщиков; исходящих связей нет. Не seed/граница; конечный только в выборке."
100000001688676100,terminal,0.66621300,43,0.31398200,"Вход 133,700 KZT от 1 плательщиков; исходящих связей нет. Не seed/граница; конечный только в выборке."
100000001689968100,consolidator,0.71958300,10,0.54058100,"Плательщиков 3≥3; вход 344,334 KZT; выход/вход 0%≤20%. Не seed/граница."
100000001690439100,terminal,0.66621300,10,0.26979200,"Вход 14,200 KZT от 1 плательщиков; исходящих связей нет. Не seed/граница; конечный только в выборке."
100000001690558100,terminal,0.66621300,43,0.41914100,"Вход 740,000 KZT от 1 плательщиков; исходящих связей нет. Не seed/граница; конечный только в выборке."
100000001696818100,terminal,0.66621300,2,0.25687100,"Вход 53,550 KZT от 1 плательщиков; исходящих связей нет. Не seed/граница; конечный только в выборке."
100000001697501100,distributor,0.98191600,22,0.78033000,"Получателей 38≥10; исходящих переводов 55≥10; выход 1,482,606 KZT."
100000001703168100,peripheral,0.00000000,2,0.40938700,"Порогов конкретных ролей не достиг: плательщиков 1, получателей 1, выход/вход 200%."
100000001714173100,terminal,0.84735600,35,0.55700900,"Вход 638,905 KZT от 1 плательщиков; исходящих связей нет. Не seed/граница; конечный только в выборке."
100000001714413100,terminal,0.66621300,10,0.41030600,"Вход 250,172 KZT от 1 плательщиков; исходящих связей нет. Не seed/граница; конечный только в выборке."
100000001714883100,peripheral,0.00000000,18,0.12735100,"Недостаточно наблюдений для роли; плательщиков 1, получателей 0. Граница depth=4: удержание неизвестно."
100000001716579100,terminal,0.66621300,22,0.13623400,"Вход 13,916 KZT от 1 плательщиков; исходящих связей нет. Не seed/граница; конечный только в выборке."
100000001724740100,peripheral,0.00000000,4,0.39895300,"Недостаточно наблюдений для роли; плательщиков 1, получателей 0. Граница depth=4: удержание неизвестно."
100000001726614100,terminal,0.66621300,0,0.29226800,"Вход 138,717 KZT от 1 плательщиков; исходящих связей нет. Не seed/граница; конечный только в выборке."
100000001732159100,peripheral,0.00000000,42,0.80039700,"Недостаточно наблюдений для роли; плательщиков 2, получателей 4. Seed: вход неполный."
100000001733216100,peripheral,0.00000000,0,0.40733900,"Недостаточно наблюдений для роли; плательщиков 1, получателей 0. Граница depth=4: удержание неизвестно."
100000001733687100,terminal,0.66621300,4,0.41626700,"Вход 300,000 KZT от 1 плательщиков; исходящих связей нет. Не seed/граница; конечный только в выборке."
100000001737722100,terminal,0.66621300,2,0.37203100,"Вход 60,460 KZT от 1 плательщиков; исходящих связей нет. Не seed/граница; конечный только в выборке."
100000001740277100,peripheral,0.00000000,1,0.26078700,"Порогов конкретных ролей не достиг: плательщиков 1, получателей 1, выход/вход 57%."
100000001745217100,terminal,0.66621300,0,0.21443100,"Вход 50,000 KZT от 1 плательщиков; исходящих связей нет. Не seed/граница; конечный только в выборке."
100000001746925100,peripheral,0.00000000,2,0.57355400,"Порогов конкретных ролей не достиг: плательщиков 1, получателей 1, выход/вход 8%."
100000001782980100,peripheral,0.00000000,27,0.43798400,"Порогов конкретных ролей не достиг: плательщиков 1, получателей 1, выход/вход 1192%."
100000001784279100,terminal,0.66621300,0,0.18675000,"Вход 35,674 KZT от 1 плательщиков; исходящих связей нет. Не seed/граница; конечный только в выборке."
100000001785161100,terminal,0.85520600,33,0.31759200,"Вход 30,000 KZT от 2 плательщиков; исходящих связей нет. Не seed/граница; конечный только в выборке."
100000001788284100,peripheral,0.00000000,13,0.54168400,"Порогов конкретных ролей не достиг: плательщиков 1, получателей 5, выход/вход 3709%."
100000001805543100,terminal,0.66621300,16,0.30868500,"Вход 59,000 KZT от 1 плательщиков; исходящих связей нет. Не seed/граница; конечный только в выборке."
100000001808684100,peripheral,0.00000000,1,0.39331300,"Порогов конкретных ролей не достиг: плательщиков 1, получателей 1, выход/вход 78%."
100000001816678100,peripheral,0.00000000,2,0.39451400,"Недостаточно наблюдений для роли; плательщиков 1, получателей 0. Граница depth=4: удержание неизвестно."
100000001818442100,terminal,0.66621300,18,0.24991800,"Вход 42,215 KZT от 1 плательщиков; исходящих связей нет. Не seed/граница; конечный только в выборке."
100000001819396100,terminal,0.66621300,14,0.34422000,"Вход 166,080 KZT от 1 плательщиков; исходящих связей нет. Не seed/граница; конечный только в выборке."
100000001822623100,terminal,0.66621300,29,0.34996200,"Вход 201,300 KZT от 1 плательщиков; исходящих связей нет. Не seed/граница; конечный только в выборке."
100000001822650100,peripheral,0.00000000,4,0.37898500,"Недостаточно наблюдений для роли; плательщиков 1, получателей 0. Граница depth=4: удержание неизвестно."
100000001825934100,peripheral,0.00000000,26,0.40062400,"Порогов конкретных ролей не достиг: плательщиков 1, получателей 1, выход/вход 242%."
100000001831496100,peripheral,0.00000000,11,0.35959100,"Порогов конкретных ролей не достиг: плательщиков 1, получателей 1, выход/вход 1492%."
100000001835625100,terminal,0.66621300,10,0.32327200,"Вход 75,130 KZT от 1 плательщиков; исходящих связей нет. Не seed/граница; конечный только в выборке."
100000001837130100,terminal,0.66621300,0,0.31111100,"Вход 172,900 KZT от 1 плательщиков; исходящих связей нет. Не seed/граница; конечный только в выборке."
100000001845505100,peripheral,0.00000000,8,0.38423400,"Недостаточно наблюдений для роли; плательщиков 1, получателей 0. Граница depth=4: удержание неизвестно."
100000001848426100,terminal,0.66621300,1,0.29388300,"Вход 95,530 KZT от 1 плательщиков; исходящих связей нет. Не seed/граница; конечный только в выборке."
100000001851289100,terminal,0.82104100,16,0.35758600,"Вход 109,510 KZT от 1 плательщиков; исходящих связей нет. Не seed/граница; конечный только в выборке."
100000001852140100,terminal,0.66621300,50,0.34247000,"Вход 30,000 KZT от 1 плательщиков; исходящих связей нет. Не seed/граница; конечный только в выборке."
100000001853812100,terminal,0.66621300,8,0.27100300,"Вход 70,000 KZT от 1 плательщиков; исходящих связей нет. Не seed/граница; конечный только в выборке."
100000001857829100,coordinator,0.90023000,8,0.92225600,Seed-предков 3≥2; входящих 6≥3; исходящих 16≥2; ранг посредничества 95.9%≥90%.
100000001860090100,terminal,0.66621300,1,0.22928000,"Вход 5,000 KZT от 1 плательщиков; исходящих связей нет. Не seed/граница; конечный только в выборке."
100000001870116100,terminal,0.66621300,22,0.18078300,"Вход 24,000 KZT от 1 плательщиков; исходящих связей нет. Не seed/граница; конечный только в выборке."
100000001872484100,peripheral,0.00000000,39,0.55825100,"Порогов конкретных ролей не достиг: плательщиков 1, получателей 3, выход/вход 59%."
100000001875167100,terminal,0.78853900,10,0.49523200,"Вход 1,000,000 KZT от 1 плательщиков; исходящих связей нет. Не seed/граница; конечный только в выборке."
100000001875239100,consolidator,0.71958300,4,0.57754100,"Плательщиков 3≥3; вход 712,000 KZT; выход/вход 0%≤20%. Не seed/граница."
100000001884825100,consolidator,0.71958300,4,0.55152700,"Плательщиков 3≥3; вход 495,000 KZT; выход/вход 0%≤20%. Не seed/граница."
100000001887715100,peripheral,0.00000000,35,0.71412400,"Порогов конкретных ролей не достиг: плательщиков 3, получателей 1, выход/вход 56%."
100000001893287100,peripheral,0.00000000,1,0.42902400,"Порогов конкретных ролей не достиг: плательщиков 1, получателей 1, выход/вход 848%."
100000001899164100,peripheral,0.00000000,7,0.86973000,"Порогов конкретных ролей не достиг: плательщиков 4, получателей 3, выход/вход 26%."
100000001904863100,terminal,0.66621300,40,0.53036000,"Вход 500,000 KZT от 1 плательщиков; исходящих связей нет. Не seed/граница; конечный только в выборке."
100000001924185100,terminal,0.85520600,11,0.51306700,"Вход 151,000 KZT от 2 плательщиков; исходящих связей нет. Не seed/граница; конечный только в выборке."
100000001927599100,terminal,0.85520600,18,0.46779000,"Вход 188,000 KZT от 2 плательщиков; исходящих связей нет. Не seed/граница; конечный только в выборке."
100000001929088100,terminal,0.85520600,1,0.48542100,"Вход 396,010 KZT от 2 плательщиков; исходящих связей нет. Не seed/граница; конечный только в выборке."
100000001934935100,terminal,0.66621300,0,0.33973000,"Вход 118,935 KZT от 1 плательщиков; исходящих связей нет. Не seed/граница; конечный только в выборке."
100000001937767100,peripheral,0.00000000,40,0.82310100,"Порогов конкретных ролей не достиг: плательщиков 1, получателей 4, выход/вход 3647%."
100000001952325100,terminal,0.78853900,22,0.28132200,"Вход 77,888 KZT от 1 плательщиков; исходящих связей нет. Не seed/граница; конечный только в выборке."
100000001953577100,terminal,0.66621300,22,0.14628400,"Вход 15,600 KZT от 1 плательщиков; исходящих связей нет. Не seed/граница; конечный только в выборке."
100000001954534100,peripheral,0.00000000,0,0.39987700,"Порогов конкретных ролей не достиг: плательщиков 1, получателей 1, выход/вход 308%."
100000001954903100,terminal,0.66621300,18,0.22246100,"Вход 27,118 KZT от 1 плательщиков; исходящих связей нет. Не seed/граница; конечный только в выборке."
100000001957974100,peripheral,0.00000000,40,0.37607300,"Недостаточно наблюдений для роли; плательщиков 1, получателей 0. Граница depth=4: удержание неизвестно."
100000001960517100,terminal,0.66621300,1,0.44085200,"Вход 200,000 KZT от 1 плательщиков; исходящих связей нет. Не seed/граница; конечный только в выборке."
100000001961048100,terminal,0.66621300,33,0.42206000,"Вход 150,000 KZT от 1 плательщиков; исходящих связей нет. Не seed/граница; конечный только в выборке."
100000001965374100,peripheral,0.00000000,21,0.62603000,"Порогов конкретных ролей не достиг: плательщиков 2, получателей 3, выход/вход 175%."
100000001969496100,terminal,0.66621300,40,0.18558400,"Вход 22,740 KZT от 1 плательщиков; исходящих связей нет. Не seed/граница; конечный только в выборке."
100000001985793100,terminal,0.66621300,46,0.39540900,"Вход 420,000 KZT от 1 плательщиков; исходящих связей нет. Не seed/граница; конечный только в выборке."
100000001987030100,peripheral,0.00000000,3,0.52030600,"Порогов конкретных ролей не достиг: плательщиков 2, получателей 1, выход/вход 62%."
100000001991973100,peripheral,0.00000000,18,0.20299100,"Недостаточно наблюдений для роли; плательщиков 1, получателей 0. Граница depth=4: удержание неизвестно."
100000002015633100,terminal,0.66621300,10,0.33969100,"Вход 94,970 KZT от 1 плательщиков; исходящих связей нет. Не seed/граница; конечный только в выборке."
100000002028158100,terminal,0.66621300,3,0.33852500,"Вход 34,800 KZT от 1 плательщиков; исходящих связей нет. Не seed/граница; конечный только в выборке."
100000002032323100,peripheral,0.00000000,42,0.52168000,"Порогов конкретных ролей не достиг: плательщиков 1, получателей 1, выход/вход 350%."
100000002087788100,terminal,0.66621300,10,0.50433900,"Вход 100,500 KZT от 1 плательщиков; исходящих связей нет. Не seed/граница; конечный только в выборке."
100000002095257100,terminal,0.66621300,7,0.31693900,"Вход 8,500 KZT от 1 плательщиков; исходящих связей нет. Не seed/граница; конечный только в выборке."
100000002103448100,terminal,0.66621300,22,0.18378900,"Вход 27,000 KZT от 1 плательщиков; исходящих связей нет. Не seed/граница; конечный только в выборке."
100000002109656100,terminal,0.66621300,24,0.43510900,"Вход 500,000 KZT от 1 плательщиков; исходящих связей нет. Не seed/граница; конечный только в выборке."
100000002116705100,terminal,0.66621300,22,0.14610400,"Вход 17,600 KZT от 1 плательщиков; исходящих связей нет. Не seed/граница; конечный только в выборке."
100000002119762100,peripheral,0.00000000,10,0.46916700,"Недостаточно наблюдений для роли; плательщиков 1, получателей 0. Граница depth=4: удержание неизвестно."
100000002121357100,peripheral,0.00000000,42,0.62959000,"Порогов конкретных ролей не достиг: плательщиков 2, получателей 1, выход/вход 44%."
100000002126791100,peripheral,0.00000000,4,0.53107100,"Недостаточно наблюдений для роли; плательщиков 1, получателей 0. Граница depth=4: удержание неизвестно."
100000002130400100,peripheral,0.00000000,26,0.21259100,"Недостаточно наблюдений для роли; плательщиков 1, получателей 0. Граница depth=4: удержание неизвестно."
100000002132479100,peripheral,0.00000000,40,0.46662200,"Порогов конкретных ролей не достиг: плательщиков 1, получателей 1, выход/вход 67%."
100000002152857100,peripheral,0.00000000,46,0.61418200,"Порогов конкретных ролей не достиг: плательщиков 1, получателей 5, выход/вход 1171%."
100000002156381100,peripheral,0.00000000,11,0.70552100,"Порогов конкретных ролей не достиг: плательщиков 2, получателей 1, выход/вход 36%."
100000002158488100,terminal,0.66621300,22,0.20702800,"Вход 31,723 KZT от 1 плательщиков; исходящих связей нет. Не seed/граница; конечный только в выборке."
100000002170580100,terminal,0.66621300,18,0.35453800,"Вход 150,000 KZT от 1 плательщиков; исходящих связей нет. Не seed/граница; конечный только в выборке."
100000002173070100,terminal,0.66621300,16,0.32550800,"Вход 30,000 KZT от 1 плательщиков; исходящих связей нет. Не seed/граница; конечный только в выборке."
100000002173161100,consolidator,0.73404400,16,0.59477500,"Плательщиков 3≥3; вход 1,427,500 KZT; выход/вход 0%≤20%. Не seed/граница."
100000002175422100,peripheral,0.00000000,36,0.84936100,"Порогов конкретных ролей не достиг: плательщиков 3, получателей 6, выход/вход 2367%."
100000002182176100,terminal,0.66621300,0,0.22407600,"Вход 42,465 KZT от 1 плательщиков; исходящих связей нет. Не seed/граница; конечный только в выборке."
100000002184107100,terminal,0.66621300,38,0.13327300,"Вход 6,066 KZT от 1 плательщиков; исходящих связей нет. Не seed/граница; конечный только в выборке."
100000002185328100,peripheral,0.00000000,32,0.52791600,"Порогов конкретных ролей не достиг: плательщиков 1, получателей 4, выход/вход 367%."
100000002188586100,peripheral,0.00000000,18,0.31586300,"Недостаточно наблюдений для роли; плательщиков 1, получателей 0. Граница depth=4: удержание неизвестно."
100000002188829100,terminal,0.66621300,2,0.52456500,"Вход 400,000 KZT от 1 плательщиков; исходящих связей нет. Не seed/граница; конечный только в выборке."
100000002193259100,peripheral,0.00000000,7,0.76340400,"Порогов конкретных ролей не достиг: плательщиков 2, получателей 3, выход/вход 121%."
100000002194320100,peripheral,0.00000000,3,0.40258700,"Недостаточно наблюдений для роли; плательщиков 1, получателей 0. Граница depth=4: удержание неизвестно."
100000002194329100,terminal,0.66621300,0,0.23062300,"Вход 25,170 KZT от 1 плательщиков; исходящих связей нет. Не seed/граница; конечный только в выборке."
100000002199091100,terminal,0.66621300,22,0.28419300,"Вход 65,000 KZT от 1 плательщиков; исходящих связей нет. Не seed/граница; конечный только в выборке."
100000002205022100,peripheral,0.00000000,31,0.76693500,"Порогов конкретных ролей не достиг: плательщиков 1, получателей 3, выход/вход 7296%."
100000002208836100,peripheral,0.00000000,10,0.43058400,"Недостаточно наблюдений для роли; плательщиков 1, получателей 0. Граница depth=4: удержание неизвестно."
100000002211413100,terminal,0.66621300,22,0.21793000,"Вход 37,000 KZT от 1 плательщиков; исходящих связей нет. Не seed/граница; конечный только в выборке."
100000002212494100,terminal,0.66621300,36,0.35678200,"Вход 160,000 KZT от 1 плательщиков; исходящих связей нет. Не seed/граница; конечный только в выборке."
100000002214207100,peripheral,0.00000000,26,0.39177500,"Недостаточно наблюдений для роли; плательщиков 1, получателей 0. Граница depth=4: удержание неизвестно."
100000002214301100,peripheral,0.00000000,0,0.33857200,"Порогов конкретных ролей не достиг: плательщиков 1, получателей 1, выход/вход 37%."
100000002214383100,peripheral,0.00000000,22,0.40061300,"Недостаточно наблюдений для роли; плательщиков 1, получателей 0. Граница depth=4: удержание неизвестно."
100000002214570100,terminal,0.66621300,22,0.19150600,"Вход 26,471 KZT от 1 плательщиков; исходящих связей нет. Не seed/граница; конечный только в выборке."
100000002214664100,peripheral,0.00000000,22,0.25310700,"Порогов конкретных ролей не достиг: плательщиков 1, получателей 1, выход/вход 968%."
100000002216999100,terminal,0.66621300,22,0.16988200,"Вход 23,677 KZT от 1 плательщиков; исходящих связей нет. Не seed/граница; конечный только в выборке."
100000002217161100,peripheral,0.00000000,38,0.83814000,"Порогов конкретных ролей не достиг: плательщиков 2, получателей 7, выход/вход 246%."
100000002217806100,peripheral,0.00000000,19,0.33776000,"Недостаточно наблюдений для роли; плательщиков 1, получателей 0. Граница depth=4: удержание неизвестно."
100000002224132100,peripheral,0.00000000,21,0.74298800,"Порогов конкретных ролей не достиг: плательщиков 5, получателей 4, выход/вход 307%."
100000002227960100,peripheral,0.00000000,32,0.18132200,"Недостаточно наблюдений для роли; плательщиков 1, получателей 0. Граница depth=4: удержание неизвестно."
100000002227989100,peripheral,0.00000000,32,0.27387400,"Недостаточно наблюдений для роли; плательщиков 1, получателей 0. Граница depth=4: удержание неизвестно."
100000002229615100,peripheral,0.00000000,32,0.40366000,"Недостаточно наблюдений для роли; плательщиков 1, получателей 0. Граница depth=4: удержание неизвестно."
100000002231144100,peripheral,0.00000000,32,0.25225000,"Недостаточно наблюдений для роли; плательщиков 1, получателей 0. Граница depth=4: удержание неизвестно."
100000002232266100,terminal,0.66621300,8,0.23183800,"Вход 45,000 KZT от 1 плательщиков; исходящих связей нет. Не seed/граница; конечный только в выборке."
100000002236528100,terminal,0.66621300,1,0.28428300,"Вход 66,000 KZT от 1 плательщиков; исходящих связей нет. Не seed/граница; конечный только в выборке."
100000002241986100,peripheral,0.00000000,30,0.69617300,"Порогов конкретных ролей не достиг: плательщиков 1, получателей 6, выход/вход 1099%."
100000002242066100,peripheral,0.00000000,38,0.35426900,"Недостаточно наблюдений для роли; плательщиков 1, получателей 0. Граница depth=4: удержание неизвестно."
100000002242455100,peripheral,0.00000000,10,0.48854700,"Недостаточно наблюдений для роли; плательщиков 1, получателей 0. Граница depth=4: удержание неизвестно."
100000002243354100,terminal,0.66621300,22,0.16988200,"Вход 20,879 KZT от 1 плательщиков; исходящих связей нет. Не seed/граница; конечный только в выборке."
100000002255058100,terminal,0.78853900,2,0.41214300,"Вход 491,500 KZT от 1 плательщиков; исходящих связей нет. Не seed/граница; конечный только в выборке."
100000002257794100,terminal,0.66621300,34,0.41604600,"Вход 154,000 KZT от 1 плательщиков; исходящих связей нет. Не seed/граница; конечный только в выборке."
100000002258492100,peripheral,0.00000000,47,0.27033000,"Недостаточно наблюдений для роли; плательщиков 1, получателей 0. Граница depth=4: удержание неизвестно."
100000002267998100,peripheral,0.00000000,29,0.79956300,"Порогов конкретных ролей не достиг: плательщиков 2, получателей 3, выход/вход 265%."
100000002284426100,terminal,0.78853900,10,0.33547400,"Вход 90,000 KZT от 1 плательщиков; исходящих связей нет. Не seed/граница; конечный только в выборке."
100000002289937100,terminal,0.66621300,22,0.16584400,"Вход 20,000 KZT от 1 плательщиков; исходящих связей нет. Не seed/граница; конечный только в выборке."
100000002293421100,transit,0.63414600,0,0.54430800,"Объёмный транзит: выход/вход 115% в [80%; 120%]; плательщиков 2, получателей 2. Не seed/граница."
100000002299948100,terminal,0.66621300,41,0.15027600,"Вход 6,750 KZT от 1 плательщиков; исходящих связей нет. Не seed/граница; конечный только в выборке."
100000002301828100,terminal,0.66621300,28,0.22623000,"Вход 46,977 KZT от 1 плательщиков; исходящих связей нет. Не seed/граница; конечный только в выборке."
100000002304943100,peripheral,0.00000000,32,0.20873300,"Недостаточно наблюдений для роли; плательщиков 1, получателей 0. Граница depth=4: удержание неизвестно."
100000002305007100,terminal,0.66621300,22,0.24547600,"Вход 56,000 KZT от 1 плательщиков; исходящих связей нет. Не seed/граница; конечный только в выборке."
100000002305477100,peripheral,0.00000000,32,0.23358700,"Недостаточно наблюдений для роли; плательщиков 1, получателей 0. Граница depth=4: удержание неизвестно."
100000002306369100,peripheral,0.00000000,2,0.54357700,"Порогов конкретных ролей не достиг: плательщиков 1, получателей 6, выход/вход 357%."
100000002308091100,terminal,0.66621300,24,0.40747700,"Вход 186,720 KZT от 1 плательщиков; исходящих связей нет. Не seed/граница; конечный только в выборке."
100000002320495100,peripheral,0.00000000,28,0.28060400,"Недостаточно наблюдений для роли; плательщиков 1, получателей 0. Граница depth=4: удержание неизвестно."
100000002324543100,terminal,0.66621300,4,0.18127700,"Вход 30,202 KZT от 1 плательщиков; исходящих связей нет. Не seed/граница; конечный только в выборке."
100000002335358100,terminal,0.78853900,16,0.40160000,"Вход 140,000 KZT от 1 плательщиков; исходящих связей нет. Не seed/граница; конечный только в выборке."
100000002340562100,terminal,0.78853900,1,0.32591600,"Вход 36,650 KZT от 1 плательщиков; исходящих связей нет. Не seed/граница; конечный только в выборке."
100000002343825100,peripheral,0.00000000,42,0.71600000,"Порогов конкретных ролей не достиг: плательщиков 3, получателей 2, выход/вход 26%."
100000002346166100,terminal,0.66621300,22,0.10433700,"Вход 6,000 KZT от 1 плательщиков; исходящих связей нет. Не seed/граница; конечный только в выборке."
100000002356167100,peripheral,0.00000000,10,0.58829700,"Порогов конкретных ролей не достиг: плательщиков 1, получателей 2, выход/вход 10%."
100000002369443100,terminal,0.66621300,22,0.23354200,"Вход 50,000 KZT от 1 плательщиков; исходящих связей нет. Не seed/граница; конечный только в выборке."
100000002369454100,peripheral,0.00000000,8,0.29217900,"Недостаточно наблюдений для роли; плательщиков 1, получателей 0. Граница depth=4: удержание неизвестно."
100000002369510100,terminal,0.66621300,22,0.20801500,"Вход 37,150 KZT от 1 плательщиков; исходящих связей нет. Не seed/граница; конечный только в выборке."
100000002369874100,consolidator,0.81252600,4,0.57993100,"Плательщиков 4≥3; вход 600,000 KZT; выход/вход 0%≤20%. Не seed/граница."
100000002371751100,peripheral,0.00000000,37,0.42902100,"Порогов конкретных ролей не достиг: плательщиков 1, получателей 1, выход/вход 125%."
100000002371892100,peripheral,0.00000000,51,0.26050500,"Недостаточно наблюдений для роли; плательщиков 1, получателей 0. Граница depth=4: удержание неизвестно."
100000002373144100,peripheral,0.00000000,0,0.28664500,"Порогов конкретных ролей не достиг: плательщиков 1, получателей 1, выход/вход 23%."
100000002373386100,terminal,0.66621300,22,0.17109300,"Вход 24,000 KZT от 1 плательщиков; исходящих связей нет. Не seed/граница; конечный только в выборке."
100000002380341100,terminal,0.66621300,0,0.28177000,"Вход 57,566 KZT от 1 плательщиков; исходящих связей нет. Не seed/граница; конечный только в выборке."
100000002391278100,peripheral,0.00000000,46,0.34854000,"Порогов конкретных ролей не достиг: плательщиков 1, получателей 1, выход/вход 176%."
100000002394199100,peripheral,0.00000000,1,0.47236200,"Порогов конкретных ролей не достиг: плательщиков 1, получателей 1, выход/вход 28%."
100000002398779100,consolidator,0.90887500,0,0.74203900,"Плательщиков 13≥3; вход 1,095,690 KZT; выход/вход 6%≤20%. Не seed/граница."
100000002404112100,peripheral,0.00000000,14,0.30581700,"Недостаточно наблюдений для роли; плательщиков 1, получателей 0. Граница depth=4: удержание неизвестно."
100000002432143100,terminal,0.66621300,2,0.42959700,"Вход 81,310 KZT от 1 плательщиков; исходящих связей нет. Не seed/граница; конечный только в выборке."
100000002433697100,transit,0.41025600,10,0.44322000,"Объёмный транзит: выход/вход 85% в [80%; 120%]; плательщиков 1, получателей 1. Не seed/граница."
100000002435265100,terminal,0.82104100,0,0.34645900,"Вход 132,628 KZT от 1 плательщиков; исходящих связей нет. Не seed/граница; конечный только в выборке."
100000002443664100,consolidator,0.71958300,24,0.57655400,"Плательщиков 3≥3; вход 556,880 KZT; выход/вход 0%≤20%. Не seed/граница."
100000002445750100,peripheral,0.00000000,0,0.53003300,"Порогов конкретных ролей не достиг: плательщиков 1, получателей 1, выход/вход 14%."
100000002448088100,peripheral,0.00000000,32,0.54066000,"Порогов конкретных ролей не достиг: плательщиков 3, получателей 1, выход/вход 125%."
100000002454724100,terminal,0.82104100,33,0.40909500,"Вход 125,000 KZT от 1 плательщиков; исходящих связей нет. Не seed/граница; конечный только в выборке."
100000002457464100,terminal,0.66621300,2,0.37858100,"Вход 66,647 KZT от 1 плательщиков; исходящих связей нет. Не seed/граница; конечный только в выборке."
100000002459093100,peripheral,0.00000000,46,0.44801800,"Порогов конкретных ролей не достиг: плательщиков 1, получателей 1, выход/вход 11%."
100000002459163100,terminal,0.66621300,39,0.26759400,"Вход 20,180 KZT от 1 плательщиков; исходящих связей нет. Не seed/граница; конечный только в выборке."
100000002459164100,terminal,0.66621300,0,0.30160000,"Вход 20,000 KZT от 1 плательщиков; исходящих связей нет. Не seed/граница; конечный только в выборке."
100000002459240100,terminal,0.66621300,10,0.37253100,"Вход 150,000 KZT от 1 плательщиков; исходящих связей нет. Не seed/граница; конечный только в выборке."
100000002459832100,terminal,0.85520600,8,0.53710400,"Вход 880,606 KZT от 2 плательщиков; исходящих связей нет. Не seed/граница; конечный только в выборке."
100000002462183100,terminal,0.82104100,52,0.35103900,"Вход 107,500 KZT от 1 плательщиков; исходящих связей нет. Не seed/граница; конечный только в выборке."
100000002469065100,terminal,0.66621300,16,0.47624800,"Вход 200,000 KZT от 1 плательщиков; исходящих связей нет. Не seed/граница; конечный только в выборке."
100000002472632100,peripheral,0.00000000,13,0.61148000,"Порогов конкретных ролей не достиг: плательщиков 2, получателей 1, выход/вход 4%."
100000002474570100,peripheral,0.00000000,18,0.12596100,"Недостаточно наблюдений для роли; плательщиков 1, получателей 0. Граница depth=4: удержание неизвестно."
100000002475601100,terminal,0.66621300,8,0.32340300,"Вход 232,301 KZT от 1 плательщиков; исходящих связей нет. Не seed/граница; конечный только в выборке."
100000002478829100,peripheral,0.00000000,32,0.37324300,"Недостаточно наблюдений для роли; плательщиков 1, получателей 0. Граница depth=4: удержание неизвестно."
100000002479804100,peripheral,0.00000000,2,0.32477700,"Порогов конкретных ролей не достиг: плательщиков 1, получателей 2, выход/вход 77%."
100000002480800100,terminal,0.85520600,2,0.62813000,"Вход 569,251 KZT от 2 плательщиков; исходящих связей нет. Не seed/граница; конечный только в выборке."
100000002481735100,terminal,0.78853900,16,0.27001600,"Вход 22,436 KZT от 1 плательщиков; исходящих связей нет. Не seed/граница; конечный только в выборке."
100000002481974100,peripheral,0.00000000,8,0.65951700,"Порогов конкретных ролей не достиг: плательщиков 2, получателей 2, выход/вход 356%."
100000002487222100,peripheral,0.00000000,10,0.41066500,"Недостаточно наблюдений для роли; плательщиков 1, получателей 0. Граница depth=4: удержание неизвестно."
100000002488629100,terminal,0.66621300,1,0.27122800,"Вход 73,050 KZT от 1 плательщиков; исходящих связей нет. Не seed/граница; конечный только в выборке."
100000002489253100,terminal,0.66621300,16,0.26422900,"Вход 51,000 KZT от 1 плательщиков; исходящих связей нет. Не seed/граница; конечный только в выборке."
100000002492277100,terminal,0.66621300,2,0.38755400,"Вход 138,500 KZT от 1 плательщиков; исходящих связей нет. Не seed/граница; конечный только в выборке."
100000002505277100,peripheral,0.00000000,0,0.40733900,"Недостаточно наблюдений для роли; плательщиков 1, получателей 0. Граница depth=4: удержание неизвестно."
100000002506987100,peripheral,0.00000000,18,0.29065000,"Недостаточно наблюдений для роли; плательщиков 1, получателей 0. Граница depth=4: удержание неизвестно."
100000002508637100,peripheral,0.00000000,8,0.38107200,"Порогов конкретных ролей не достиг: плательщиков 1, получателей 1, выход/вход 3%."
100000002509598100,terminal,0.66621300,24,0.40370500,"Вход 305,550 KZT от 1 плательщиков; исходящих связей нет. Не seed/граница; конечный только в выборке."
100000002511581100,terminal,0.66621300,22,0.14610400,"Вход 17,600 KZT от 1 плательщиков; исходящих связей нет. Не seed/граница; конечный только в выборке."
100000002511825100,terminal,0.66621300,0,0.26230000,"Вход 65,000 KZT от 1 плательщиков; исходящих связей нет. Не seed/граница; конечный только в выборке."
100000002512742100,peripheral,0.00000000,18,0.12089100,"Недостаточно наблюдений для роли; плательщиков 1, получателей 0. Граница depth=4: удержание неизвестно."
100000002513028100,peripheral,0.00000000,53,0.54922100,"Порогов конкретных ролей не достиг: плательщиков 1, получателей 3, выход/вход 3502%."
100000002514975100,peripheral,0.00000000,14,0.28971100,"Недостаточно наблюдений для роли; плательщиков 1, получателей 0. Граница depth=4: удержание неизвестно."
100000002516862100,peripheral,0.00000000,53,0.32708200,"Недостаточно наблюдений для роли; плательщиков 1, получателей 0. Граница depth=4: удержание неизвестно."
100000002521039100,terminal,0.66621300,0,0.41788200,"Вход 349,370 KZT от 1 плательщиков; исходящих связей нет. Не seed/граница; конечный только в выборке."
100000002527114100,distributor,0.69571300,22,0.74377100,"Получателей 111≥10; исходящих переводов 113≥10; выход 3,289,249 KZT. Seed: вход неполный."
100000002528544100,terminal,0.66621300,8,0.30886800,"Вход 192,912 KZT от 1 плательщиков; исходящих связей нет. Не seed/граница; конечный только в выборке."
100000002528978100,peripheral,0.00000000,18,0.24040300,"Недостаточно наблюдений для роли; плательщиков 1, получателей 0. Граница depth=4: удержание неизвестно."
100000002529877100,peripheral,0.00000000,24,0.33013300,"Недостаточно наблюдений для роли; плательщиков 1, получателей 0. Граница depth=4: удержание неизвестно."
100000002529880100,terminal,0.85520600,42,0.43391800,"Вход 147,000 KZT от 2 плательщиков; исходящих связей нет. Не seed/граница; конечный только в выборке."
100000002530224100,terminal,0.66621300,4,0.26050500,"Вход 113,000 KZT от 1 плательщиков; исходящих связей нет. Не seed/граница; конечный только в выборке."
100000002531406100,transit,0.60256400,8,0.41628900,"Объёмный транзит: выход/вход 96% в [80%; 120%]; плательщиков 1, получателей 1. Не seed/граница."
100000002534091100,terminal,0.66621300,8,0.27808800,"Вход 22,200 KZT от 1 плательщиков; исходящих связей нет. Не seed/граница; конечный только в выборке."
100000002537811100,peripheral,0.00000000,11,0.63465700,"Порогов конкретных ролей не достиг: плательщиков 1, получателей 1, выход/вход 29%."
100000002539625100,terminal,0.66621300,42,0.33121000,"Вход 94,700 KZT от 1 плательщиков; исходящих связей нет. Не seed/граница; конечный только в выборке."
100000002540033100,peripheral,0.00000000,35,0.28401400,"Недостаточно наблюдений для роли; плательщиков 1, получателей 0. Граница depth=4: удержание неизвестно."
100000002540623100,terminal,0.66621300,18,0.32878700,"Вход 100,000 KZT от 1 плательщиков; исходящих связей нет. Не seed/граница; конечный только в выборке."
100000002546921100,terminal,0.66621300,40,0.17544500,"Вход 20,000 KZT от 1 плательщиков; исходящих связей нет. Не seed/граница; конечный только в выборке."
100000002547110100,consolidator,0.99460600,42,0.62410300,"Плательщиков 6≥3; вход 1,500,000 KZT; выход/вход 0%≤20%. Не seed/граница."
100000002548759100,terminal,0.85520600,4,0.50660300,"Вход 375,000 KZT от 2 плательщиков; исходящих связей нет. Не seed/граница; конечный только в выборке."
100000002550141100,terminal,0.66621300,8,0.30474000,"Вход 100,586 KZT от 1 плательщиков; исходящих связей нет. Не seed/граница; конечный только в выборке."
100000002554175100,terminal,0.66621300,18,0.20326000,"Вход 24,621 KZT от 1 плательщиков; исходящих связей нет. Не seed/граница; конечный только в выборке."
100000002556775100,terminal,0.66621300,10,0.42354100,"Вход 300,000 KZT от 1 плательщиков; исходящих связей нет. Не seed/граница; конечный только в выборке."
100000002558173100,terminal,0.66621300,41,0.16701000,"Вход 9,300 KZT от 1 плательщиков; исходящих связей нет. Не seed/граница; конечный только в выборке."
100000002559089100,terminal,0.85520600,24,0.45940400,"Вход 715,000 KZT от 2 плательщиков; исходящих связей нет. Не seed/граница; конечный только в выборке."
100000002565277100,terminal,0.66621300,2,0.53421100,"Вход 483,319 KZT от 1 плательщиков; исходящих связей нет. Не seed/граница; конечный только в выборке."
100000002566204100,terminal,0.66621300,18,0.31299500,"Вход 80,805 KZT от 1 плательщиков; исходящих связей нет. Не seed/граница; конечный только в выборке."
100000002567887100,terminal,0.66621300,10,0.30281400,"Вход 50,915 KZT от 1 плательщиков; исходящих связей нет. Не seed/граница; конечный только в выборке."
100000002570206100,terminal,0.85520600,28,0.45661900,"Вход 166,960 KZT от 2 плательщиков; исходящих связей нет. Не seed/граница; конечный только в выборке."
100000002575080100,transit,0.60256400,3,0.49933700,"Объёмный транзит: выход/вход 96% в [80%; 120%]; плательщиков 1, получателей 1. Не seed/граница."
100000002578405100,distributor,0.99402000,22,0.77350600,"Получателей 116≥10; исходящих переводов 120≥10; выход 3,108,352 KZT."
100000002578653100,terminal,0.66621300,54,0.23017800,"Вход 20,000 KZT от 1 плательщиков; исходящих связей нет. Не seed/граница; конечный только в выборке."
100000002580377100,peripheral,0.00000000,16,0.35061600,"Порогов конкретных ролей не достиг: плательщиков 1, получателей 1, выход/вход 13%."
100000002581346100,terminal,0.66621300,10,0.38024800,"Вход 166,400 KZT от 1 плательщиков; исходящих связей нет. Не seed/граница; конечный только в выборке."
100000002589019100,terminal,0.66621300,7,0.20514400,"Вход 34,710 KZT от 1 плательщиков; исходящих связей нет. Не seed/граница; конечный только в выборке."
100000002591469100,terminal,0.66621300,1,0.31514900,"Вход 235,670 KZT от 1 плательщиков; исходящих связей нет. Не seed/граница; конечный только в выборке."
100000002592567100,peripheral,0.00000000,16,0.49557000,"Порогов конкретных ролей не достиг: плательщиков 1, получателей 2, выход/вход 918%."
100000002593038100,terminal,0.66621300,7,0.46642300,"Вход 28,500 KZT от 1 плательщиков; исходящих связей нет. Не seed/граница; конечный только в выборке."
100000002593344100,terminal,0.85520600,4,0.54720400,"Вход 431,000 KZT от 2 плательщиков; исходящих связей нет. Не seed/граница; конечный только в выборке."
100000002594214100,peripheral,0.00000000,30,0.52188100,"Недостаточно наблюдений для роли; плательщиков 1, получателей 0. Граница depth=4: удержание неизвестно."
100000002596035100,terminal,0.66621300,11,0.49212200,"Вход 231,570 KZT от 1 плательщиков; исходящих связей нет. Не seed/граница; конечный только в выборке."
100000002596039100,peripheral,0.00000000,8,0.33547200,"Недостаточно наблюдений для роли; плательщиков 1, получателей 0. Граница depth=4: удержание неизвестно."
100000002597003100,peripheral,0.00000000,0,0.23289900,"Порогов конкретных ролей не достиг: плательщиков 1, получателей 1, выход/вход 62%."
100000002597074100,peripheral,0.00000000,0,0.27073000,"Недостаточно наблюдений для роли; плательщиков 1, получателей 0. Граница depth=4: удержание неизвестно."
100000002597623100,terminal,0.66621300,0,0.20451200,"Вход 16,418 KZT от 1 плательщиков; исходящих связей нет. Не seed/граница; конечный только в выборке."
100000002599729100,peripheral,0.00000000,0,0.42066300,"Недостаточно наблюдений для роли; плательщиков 1, получателей 0. Граница depth=4: удержание неизвестно."
100000002600345100,terminal,0.85520600,16,0.36635400,"Вход 52,400 KZT от 2 плательщиков; исходящих связей нет. Не seed/граница; конечный только в выборке."
100000002603371100,terminal,0.66621300,0,0.13273500,"Вход 9,300 KZT от 1 плательщиков; исходящих связей нет. Не seed/граница; конечный только в выборке."
100000002603478100,terminal,0.66621300,7,0.17046500,"Вход 23,500 KZT от 1 плательщиков; исходящих связей нет. Не seed/граница; конечный только в выборке."
100000002603769100,consolidator,0.71958300,0,0.61245100,"Плательщиков 3≥3; вход 1,185,368 KZT; выход/вход 0%≤20%. Не seed/граница."
100000002605184100,terminal,0.66621300,3,0.36230000,"Вход 140,000 KZT от 1 плательщиков; исходящих связей нет. Не seed/граница; конечный только в выборке."
100000002605308100,consolidator,0.73975500,40,0.66340900,"Плательщиков 3≥3; вход 2,569,522 KZT; выход/вход 0%≤20%. Не seed/граница."
100000002605548100,terminal,0.85520600,11,0.50882600,"Вход 116,695 KZT от 2 плательщиков; исходящих связей нет. Не seed/граница; конечный только в выборке."
100000002606567100,peripheral,0.00000000,0,0.28184500,"Порогов конкретных ролей не достиг: плательщиков 1, получателей 1, выход/вход 376%."
100000002609774100,peripheral,0.00000000,18,0.42695700,"Порогов конкретных ролей не достиг: плательщиков 1, получателей 1, выход/вход 357%."
100000002611334100,peripheral,0.00000000,0,0.34469800,"Порогов конкретных ролей не достиг: плательщиков 1, получателей 1, выход/вход 32%."
100000002612809100,peripheral,0.00000000,26,0.46037500,"Порогов конкретных ролей не достиг: плательщиков 1, получателей 3, выход/вход 380%."
100000002613776100,terminal,0.78853900,2,0.31043400,"Вход 30,000 KZT от 1 плательщиков; исходящих связей нет. Не seed/граница; конечный только в выборке."
100000002613929100,terminal,0.66621300,4,0.33915000,"Вход 28,560 KZT от 1 плательщиков; исходящих связей нет. Не seed/граница; конечный только в выборке."
100000002614095100,terminal,0.66621300,22,0.10142000,"Вход 5,300 KZT от 1 плательщиков; исходящих связей нет. Не seed/граница; конечный только в выборке."
100000002615479100,terminal,0.66621300,4,0.33358700,"Вход 220,000 KZT от 1 плательщиков; исходящих связей нет. Не seed/граница; конечный только в выборке."
100000002618492100,terminal,0.85520600,11,0.57392200,"Вход 296,500 KZT от 2 плательщиков; исходящих связей нет. Не seed/граница; конечный только в выборке."
100000002621434100,terminal,0.66621300,4,0.23318400,"Вход 81,000 KZT от 1 плательщиков; исходящих связей нет. Не seed/граница; конечный только в выборке."
100000002621915100,terminal,0.66621300,16,0.25601900,"Вход 5,000 KZT от 1 плательщиков; исходящих связей нет. Не seed/граница; конечный только в выборке."
100000002621949100,terminal,0.66621300,2,0.46799300,"Вход 164,612 KZT от 1 плательщиков; исходящих связей нет. Не seed/граница; конечный только в выборке."
100000002622822100,peripheral,0.00000000,35,0.46562000,"Недостаточно наблюдений для роли; плательщиков 1, получателей 0. Граница depth=4: удержание неизвестно."
100000002628146100,terminal,0.78853900,41,0.26544000,"Вход 30,500 KZT от 1 плательщиков; исходящих связей нет. Не seed/граница; конечный только в выборке."
100000002628576100,peripheral,0.00000000,10,0.69177200,"Порогов конкретных ролей не достиг: плательщиков 2, получателей 2, выход/вход 74%."
100000002632742100,terminal,0.85520600,42,0.50341800,"Вход 235,500 KZT от 2 плательщиков; исходящих связей нет. Не seed/граница; конечный только в выборке."
100000002633108100,terminal,0.82104100,40,0.38944200,"Вход 320,000 KZT от 1 плательщиков; исходящих связей нет. Не seed/граница; конечный только в выборке."
100000002633701100,terminal,0.66621300,4,0.34341200,"Вход 266,850 KZT от 1 плательщиков; исходящих связей нет. Не seed/граница; конечный только в выборке."
100000002635746100,peripheral,0.00000000,18,0.11559700,"Недостаточно наблюдений для роли; плательщиков 1, получателей 0. Граница depth=4: удержание неизвестно."
100000002635780100,terminal,0.66621300,1,0.40128600,"Вход 163,000 KZT от 1 плательщиков; исходящих связей нет. Не seed/граница; конечный только в выборке."
100000002644285100,terminal,0.66621300,24,0.43510900,"Вход 500,000 KZT от 1 плательщиков; исходящих связей нет. Не seed/граница; конечный только в выборке."
100000002645046100,peripheral,0.00000000,18,0.15835200,"Недостаточно наблюдений для роли; плательщиков 1, получателей 0. Граница depth=4: удержание неизвестно."
100000002645609100,consolidator,0.81737700,0,0.52802500,"Плательщиков 4≥3; вход 546,821 KZT; выход/вход 0%≤20%. Не seed/граница."
100000002645993100,peripheral,0.00000000,0,0.60473000,"Порогов конкретных ролей не достиг: плательщиков 2, получателей 5, выход/вход 175%."
100000002646745100,terminal,0.66621300,22,0.12564700,"Вход 12,300 KZT от 1 плательщиков; исходящих связей нет. Не seed/граница; конечный только в выборке."
100000002646887100,terminal,0.66621300,42,0.20460600,"Вход 24,354 KZT от 1 плательщиков; исходящих связей нет. Не seed/граница; конечный только в выборке."
100000002648315100,peripheral,0.00000000,1,0.33471600,"Порогов конкретных ролей не достиг: плательщиков 1, получателей 2, выход/вход 58%."
100000002653187100,peripheral,0.00000000,7,0.27154200,"Недостаточно наблюдений для роли; плательщиков 1, получателей 0. Граница depth=4: удержание неизвестно."
100000002653948100,terminal,0.66621300,10,0.33233400,"Вход 85,200 KZT от 1 плательщиков; исходящих связей нет. Не seed/граница; конечный только в выборке."
100000002659103100,peripheral,0.00000000,49,0.35566000,"Недостаточно наблюдений для роли; плательщиков 1, получателей 0. Граница depth=4: удержание неизвестно."
100000002659265100,peripheral,0.00000000,4,0.33224100,"Недостаточно наблюдений для роли; плательщиков 1, получателей 0. Граница depth=4: удержание неизвестно."
100000002660298100,peripheral,0.00000000,18,0.29989100,"Недостаточно наблюдений для роли; плательщиков 1, получателей 0. Граница depth=4: удержание неизвестно."
100000002662768100,terminal,0.66621300,2,0.29226800,"Вход 84,300 KZT от 1 плательщиков; исходящих связей нет. Не seed/граница; конечный только в выборке."
100000002663511100,terminal,0.66621300,0,0.34197700,"Вход 268,940 KZT от 1 плательщиков; исходящих связей нет. Не seed/граница; конечный только в выборке."
100000002666248100,terminal,0.66621300,2,0.40285200,"Вход 70,032 KZT от 1 плательщиков; исходящих связей нет. Не seed/граница; конечный только в выборке."
100000002670463100,peripheral,0.00000000,18,0.24139400,"Недостаточно наблюдений для роли; плательщиков 1, получателей 0. Граница depth=4: удержание неизвестно."
100000002670860100,terminal,0.85520600,24,0.51198700,"Вход 450,000 KZT от 2 плательщиков; исходящих связей нет. Не seed/граница; конечный только в выборке."
100000002670960100,terminal,0.66621300,24,0.43232800,"Вход 480,310 KZT от 1 плательщиков; исходящих связей нет. Не seed/граница; конечный только в выборке."
100000002671326100,peripheral,0.00000000,42,0.45947300,"Недостаточно наблюдений для роли; плательщиков 1, получателей 0. Граница depth=4: удержание неизвестно."
100000002671806100,terminal,0.66621300,7,0.12717200,"Вход 12,440 KZT от 1 плательщиков; исходящих связей нет. Не seed/граница; конечный только в выборке."
100000002677201100,peripheral,0.00000000,42,0.43265300,"Порогов конкретных ролей не достиг: плательщиков 1, получателей 1, выход/вход 58%."
100000002679516100,consolidator,0.71958300,7,0.51248900,"Плательщиков 3≥3; вход 102,335 KZT; выход/вход 0%≤20%. Не seed/граница."
100000002680477100,terminal,0.66621300,24,0.20420200,"Вход 25,000 KZT от 1 плательщиков; исходящих связей нет. Не seed/граница; конечный только в выборке."
100000002681449100,peripheral,0.00000000,42,0.42614000,"Порогов конкретных ролей не достиг: плательщиков 2, получателей 2, выход/вход 141%."
100000002681544100,terminal,0.85520600,1,0.39453200,"Вход 166,072 KZT от 2 плательщиков; исходящих связей нет. Не seed/граница; конечный только в выборке."
100000002686226100,peripheral,0.00000000,28,0.44363700,"Недостаточно наблюдений для роли; плательщиков 1, получателей 0. Граница depth=4: удержание неизвестно."
100000002689717100,peripheral,0.00000000,18,0.33542300,"Недостаточно наблюдений для роли; плательщиков 1, получателей 0. Граница depth=4: удержание неизвестно."
100000002691583100,terminal,0.66621300,14,0.37822600,"Вход 285,200 KZT от 1 плательщиков; исходящих связей нет. Не seed/граница; конечный только в выборке."
100000002691858100,terminal,0.66621300,41,0.30590700,"Вход 51,500 KZT от 1 плательщиков; исходящих связей нет. Не seed/граница; конечный только в выборке."
100000002692044100,terminal,0.66621300,7,0.28984600,"Вход 97,000 KZT от 1 плательщиков; исходящих связей нет. Не seed/граница; конечный только в выборке."
100000002692750100,peripheral,0.00000000,1,0.68317900,"Порогов конкретных ролей не достиг: плательщиков 3, получателей 1, выход/вход 68%."
100000002695812100,peripheral,0.00000000,18,0.39235400,"Недостаточно наблюдений для роли; плательщиков 1, получателей 0. Граница depth=4: удержание неизвестно."
100000002696152100,peripheral,0.00000000,11,0.60868800,"Порогов конкретных ролей не достиг: плательщиков 1, получателей 2, выход/вход 317%."
100000002697752100,terminal,0.85520600,8,0.46945000,"Вход 190,785 KZT от 2 плательщиков; исходящих связей нет. Не seed/граница; конечный только в выборке."
100000002700161100,peripheral,0.00000000,45,0.35669200,"Недостаточно наблюдений для роли; плательщиков 1, получателей 0. Граница depth=4: удержание неизвестно."
100000002702968100,peripheral,0.00000000,18,0.30177600,"Недостаточно наблюдений для роли; плательщиков 1, получателей 0. Граница depth=4: удержание неизвестно."
100000002703376100,terminal,0.66621300,0,0.29899400,"Вход 46,501 KZT от 1 плательщиков; исходящих связей нет. Не seed/граница; конечный только в выборке."
100000002704875100,consolidator,0.72919300,8,0.54200200,"Плательщиков 3≥3; вход 244,891 KZT; выход/вход 0%≤20%. Не seed/граница."
100000002705460100,terminal,0.66621300,16,0.38087300,"Вход 95,000 KZT от 1 плательщиков; исходящих связей нет. Не seed/граница; конечный только в выборке."
100000002706810100,peripheral,0.00000000,18,0.26701000,"Недостаточно наблюдений для роли; плательщиков 1, получателей 0. Граница depth=4: удержание неизвестно."
100000002707106100,peripheral,0.00000000,40,0.12636400,"Недостаточно наблюдений для роли; плательщиков 1, получателей 0. Граница depth=4: удержание неизвестно."
100000002708624100,terminal,0.66621300,13,0.26028100,"Вход 25,000 KZT от 1 плательщиков; исходящих связей нет. Не seed/граница; конечный только в выборке."
100000002710570100,terminal,0.66621300,36,0.48113900,"Вход 225,015 KZT от 1 плательщиков; исходящих связей нет. Не seed/граница; конечный только в выборке."
100000002712416100,terminal,0.85520600,24,0.47801800,"Вход 116,800 KZT от 2 плательщиков; исходящих связей нет. Не seed/граница; конечный только в выборке."
100000002713074100,peripheral,0.00000000,28,0.54696200,"Порогов конкретных ролей не достиг: плательщиков 2, получателей 1, выход/вход 61%."
100000002713974100,peripheral,0.00000000,8,0.29599200,"Недостаточно наблюдений для роли; плательщиков 1, получателей 0. Граница depth=4: удержание неизвестно."
100000002718366100,consolidator,0.99460600,4,0.67083600,"Плательщиков 6≥3; вход 2,525,000 KZT; выход/вход 0%≤20%. Не seed/граница."
100000002720627100,terminal,0.66621300,11,0.48144500,"Вход 199,300 KZT от 1 плательщиков; исходящих связей нет. Не seed/граница; конечный только в выборке."
100000002721825100,terminal,0.66621300,0,0.27297700,"Вход 11,000 KZT от 1 плательщиков; исходящих связей нет. Не seed/граница; конечный только в выборке."
100000002722108100,terminal,0.78853900,24,0.46220600,"Вход 800,000 KZT от 1 плательщиков; исходящих связей нет. Не seed/граница; конечный только в выборке."
100000002723439100,peripheral,0.00000000,11,0.30034400,"Недостаточно наблюдений для роли; плательщиков 1, получателей 0. Граница depth=4: удержание неизвестно."
100000002723538100,distributor,0.70225500,8,0.77224900,"Получателей 12≥10; исходящих переводов 14≥10; выход 560,499 KZT."
100000002723674100,peripheral,0.00000000,32,0.26970200,"Недостаточно наблюдений для роли; плательщиков 1, получателей 0. Граница depth=4: удержание неизвестно."
100000002726055100,peripheral,0.00000000,32,0.22856300,"Недостаточно наблюдений для роли; плательщиков 1, получателей 0. Граница depth=4: удержание неизвестно."
100000002727288100,terminal,0.66621300,3,0.36526300,"Вход 16,000 KZT от 1 плательщиков; исходящих связей нет. Не seed/граница; конечный только в выборке."
100000002728246100,peripheral,0.00000000,10,0.38311900,"Недостаточно наблюдений для роли; плательщиков 1, получателей 0. Граница depth=4: удержание неизвестно."
100000002729875100,peripheral,0.00000000,18,0.37382600,"Недостаточно наблюдений для роли; плательщиков 1, получателей 0. Граница depth=4: удержание неизвестно."
100000002731501100,peripheral,0.00000000,34,0.60922700,"Порогов конкретных ролей не достиг: плательщиков 3, получателей 7, выход/вход 146%."
100000002733083100,peripheral,0.00000000,18,0.23676900,"Недостаточно наблюдений для роли; плательщиков 1, получателей 0. Граница depth=4: удержание неизвестно."
100000002733905100,peripheral,0.00000000,22,0.61220800,"Порогов конкретных ролей не достиг: плательщиков 3, получателей 2, выход/вход 718%."
100000002734815100,peripheral,0.00000000,4,0.31380300,"Недостаточно наблюдений для роли; плательщиков 1, получателей 0. Граница depth=4: удержание неизвестно."
100000002736033100,peripheral,0.00000000,28,0.30315500,"Порогов конкретных ролей не достиг: плательщиков 1, получателей 1, выход/вход 32%."
100000002736316100,consolidator,0.71958300,0,0.54784800,"Плательщиков 3≥3; вход 266,921 KZT; выход/вход 0%≤20%. Не seed/граница."
100000002737980100,terminal,0.66621300,16,0.29594400,"Вход 32,900 KZT от 1 плательщиков; исходящих связей нет. Не seed/граница; конечный только в выборке."
100000002738256100,transit,0.39147800,55,0.41233500,"Объёмный транзит: выход/вход 117% в [80%; 120%]; плательщиков 1, получателей 1. Не seed/граница."
100000002741024100,peripheral,0.00000000,0,0.88479500,"Порогов конкретных ролей не достиг: плательщиков 5, получателей 6, выход/вход 53%."
100000002742067100,terminal,0.66621300,3,0.25463100,"Вход 12,730 KZT от 1 плательщиков; исходящих связей нет. Не seed/граница; конечный только в выборке."
100000002744581100,terminal,0.66621300,1,0.22501800,"Вход 12,000 KZT от 1 плательщиков; исходящих связей нет. Не seed/граница; конечный только в выборке."
100000002748040100,peripheral,0.00000000,18,0.25081100,"Недостаточно наблюдений для роли; плательщиков 1, получателей 0. Граница depth=4: удержание неизвестно."
100000002748180100,peripheral,0.00000000,24,0.41369600,"Порогов конкретных ролей не достиг: плательщиков 1, получателей 8, выход/вход 6866%."
100000002748511100,peripheral,0.00000000,16,0.30761200,"Недостаточно наблюдений для роли; плательщиков 1, получателей 0. Граница depth=4: удержание неизвестно."
100000002748532100,peripheral,0.00000000,35,0.73882600,"Порогов конкретных ролей не достиг: плательщиков 3, получателей 2, выход/вход 182%."
100000002748581100,terminal,0.66621300,40,0.23753500,"Вход 41,180 KZT от 1 плательщиков; исходящих связей нет. Не seed/граница; конечный только в выборке."
100000002748761100,terminal,0.82104100,24,0.46193700,"Вход 796,800 KZT от 1 плательщиков; исходящих связей нет. Не seed/граница; конечный только в выборке."
100000002750332100,terminal,0.66621300,4,0.11954500,"Вход 11,360 KZT от 1 плательщиков; исходящих связей нет. Не seed/граница; конечный только в выборке."
100000002750956100,terminal,0.66621300,0,0.23457400,"Вход 47,416 KZT от 1 плательщиков; исходящих связей нет. Не seed/граница; конечный только в выборке."
100000002752565100,peripheral,0.00000000,8,0.38248500,"Недостаточно наблюдений для роли; плательщиков 1, получателей 0. Граница depth=4: удержание неизвестно."
100000002753146100,terminal,0.82104100,24,0.46238600,"Вход 803,540 KZT от 1 плательщиков; исходящих связей нет. Не seed/граница; конечный только в выборке."
100000002755292100,terminal,0.66621300,10,0.39559100,"Вход 203,400 KZT от 1 плательщиков; исходящих связей нет. Не seed/граница; конечный только в выборке."
100000002757240100,terminal,0.66621300,2,0.39774400,"Вход 51,183 KZT от 1 плательщиков; исходящих связей нет. Не seed/граница; конечный только в выборке."
100000002757791100,terminal,0.66621300,46,0.29348000,"Вход 73,050 KZT от 1 плательщиков; исходящих связей нет. Не seed/граница; конечный только в выборке."
100000002757797100,terminal,0.66621300,7,0.29316600,"Вход 100,000 KZT от 1 плательщиков; исходящих связей нет. Не seed/граница; конечный только в выборке."
100000002760175100,terminal,0.66621300,11,0.47642000,"Вход 187,410 KZT от 1 плательщиков; исходящих связей нет. Не seed/граница; конечный только в выборке."
100000002762076100,peripheral,0.00000000,1,0.44496600,"Порогов конкретных ролей не достиг: плательщиков 2, получателей 1, выход/вход 21%."
100000002769809100,terminal,0.66621300,43,0.35292300,"Вход 113,422 KZT от 1 плательщиков; исходящих связей нет. Не seed/граница; конечный только в выборке."
100000002773323100,peripheral,0.00000000,42,0.66269000,"Порогов конкретных ролей не достиг: плательщиков 2, получателей 1, выход/вход 411%."
100000002774456100,terminal,0.66621300,11,0.37583700,"Вход 50,363 KZT от 1 плательщиков; исходящих связей нет. Не seed/граница; конечный только в выборке."
100000002778085100,terminal,0.66621300,16,0.31783700,"Вход 66,208 KZT от 1 плательщиков; исходящих связей нет. Не seed/граница; конечный только в выборке."
100000002779485100,terminal,0.78853900,8,0.37517600,"Вход 91,000 KZT от 1 плательщиков; исходящих связей нет. Не seed/граница; конечный только в выборке."
100000002781227100,transit,0.72207100,56,0.71228400,"Объёмный транзит: выход/вход 111% в [80%; 120%]; плательщиков 2, получателей 3. Не seed/граница."
100000002784085100,terminal,0.66621300,4,0.32780000,"Вход 200,000 KZT от 1 плательщиков; исходящих связей нет. Не seed/граница; конечный только в выборке."
100000002791494100,peripheral,0.00000000,18,0.38333700,"Недостаточно наблюдений для роли; плательщиков 1, получателей 0. Граница depth=4: удержание неизвестно."
100000002793851100,terminal,0.66621300,16,0.19293800,"Вход 11,052 KZT от 1 плательщиков; исходящих связей нет. Не seed/граница; конечный только в выборке."
100000002793881100,consolidator,0.71958300,4,0.59638300,"Плательщиков 3≥3; вход 785,600 KZT; выход/вход 0%≤20%. Не seed/граница."
100000002794197100,terminal,0.66621300,1,0.16871500,"Вход 30,100 KZT от 1 плательщиков; исходящих связей нет. Не seed/граница; конечный только в выборке."
100000002794374100,peripheral,0.00000000,57,0.34763000,"Недостаточно наблюдений для роли; плательщиков 1, получателей 0. Граница depth=4: удержание неизвестно."
100000002796853100,peripheral,0.00000000,56,0.45836500,"Порогов конкретных ролей не достиг: плательщиков 1, получателей 1, выход/вход 23%."
100000002799941100,terminal,0.66621300,43,0.40954100,"Вход 600,000 KZT от 1 плательщиков; исходящих связей нет. Не seed/граница; конечный только в выборке."
100000002807334100,terminal,0.66621300,10,0.30756900,"Вход 54,715 KZT от 1 плательщиков; исходящих связей нет. Не seed/граница; конечный только в выборке."
100000002809568100,terminal,0.66621300,0,0.11891700,"Вход 10,000 KZT от 1 плательщиков; исходящих связей нет. Не seed/граница; конечный только в выборке."
100000002809896100,terminal,0.66621300,18,0.24148300,"Вход 38,000 KZT от 1 плательщиков; исходящих связей нет. Не seed/граница; конечный только в выборке."
100000002810870100,terminal,0.66621300,22,0.21043800,"Вход 33,677 KZT от 1 плательщиков; исходящих связей нет. Не seed/граница; конечный только в выборке."
100000002812641100,peripheral,0.00000000,4,0.43894200,"Порогов конкретных ролей не достиг: плательщиков 1, получателей 1, выход/вход 70%."
100000002815005100,terminal,0.66621300,4,0.44659400,"Вход 476,500 KZT от 1 плательщиков; исходящих связей нет. Не seed/граница; конечный только в выборке."
100000002818726100,terminal,0.66621300,12,0.25104200,"Вход 10,879 KZT от 1 плательщиков; исходящих связей нет. Не seed/граница; конечный только в выборке."
100000002820010100,terminal,0.66621300,1,0.19819000,"Вход 30,000 KZT от 1 плательщиков; исходящих связей нет. Не seed/граница; конечный только в выборке."
100000002821425100,terminal,0.66621300,24,0.39370000,"Вход 275,000 KZT от 1 плательщиков; исходящих связей нет. Не seed/граница; конечный только в выборке."
100000002822472100,terminal,0.85520600,24,0.50090500,"Вход 266,722 KZT от 2 плательщиков; исходящих связей нет. Не seed/граница; конечный только в выборке."
100000002824176100,terminal,0.66621300,1,0.41913800,"Вход 144,000 KZT от 1 плательщиков; исходящих связей нет. Не seed/граница; конечный только в выборке."
100000002826669100,terminal,0.83545600,0,0.49097000,"Вход 159,900 KZT от 1 плательщиков; исходящих связей нет. Не seed/граница; конечный только в выборке."
100000002830055100,terminal,0.66621300,22,0.13686200,"Вход 14,000 KZT от 1 плательщиков; исходящих связей нет. Не seed/граница; конечный только в выборке."
100000002831727100,peripheral,0.00000000,43,0.31849800,"Порогов конкретных ролей не достиг: плательщиков 1, получателей 1, выход/вход 1283%."
100000002832753100,peripheral,0.00000000,3,0.29917700,"Недостаточно наблюдений для роли; плательщиков 1, получателей 0. Граница depth=4: удержание неизвестно."
100000002835874100,peripheral,0.00000000,4,0.31604200,"Недостаточно наблюдений для роли; плательщиков 1, получателей 0. Граница depth=4: удержание неизвестно."
100000002836052100,terminal,0.66621300,8,0.35319900,"Вход 15,000 KZT от 1 плательщиков; исходящих связей нет. Не seed/граница; конечный только в выборке."
100000002836736100,terminal,0.85520600,1,0.57313500,"Вход 509,000 KZT от 2 плательщиков; исходящих связей нет. Не seed/граница; конечный только в выборке."
100000002838519100,terminal,0.66621300,40,0.24695700,"Вход 46,900 KZT от 1 плательщиков; исходящих связей нет. Не seed/граница; конечный только в выборке."
100000002838861100,consolidator,0.87366000,4,0.75443200,"Плательщиков 5≥3; вход 554,524 KZT; выход/вход 2%≤20%. Не seed/граница."
100000002842321100,terminal,0.66621300,10,0.37719700,"Вход 160,000 KZT от 1 плательщиков; исходящих связей нет. Не seed/граница; конечный только в выборке."
100000002842337100,terminal,0.66621300,1,0.31286100,"Вход 50,000 KZT от 1 плательщиков; исходящих связей нет. Не seed/граница; конечный только в выборке."
100000002844652100,terminal,0.66621300,1,0.21725700,"Вход 61,360 KZT от 1 плательщиков; исходящих связей нет. Не seed/граница; конечный только в выборке."
100000002844897100,terminal,0.66621300,4,0.11802000,"Вход 10,800 KZT от 1 плательщиков; исходящих связей нет. Не seed/граница; конечный только в выборке."
100000002845605100,terminal,0.66621300,0,0.25386600,"Вход 57,567 KZT от 1 плательщиков; исходящих связей нет. Не seed/граница; конечный только в выборке."
100000002847207100,terminal,0.66621300,2,0.36579500,"Вход 46,243 KZT от 1 плательщиков; исходящих связей нет. Не seed/граница; конечный только в выборке."
100000002849158100,peripheral,0.00000000,4,0.68458500,"Порогов конкретных ролей не достиг: плательщиков 3, получателей 1, выход/вход 182%."
100000002852402100,terminal,0.66621300,3,0.30061300,"Вход 55,000 KZT от 1 плательщиков; исходящих связей нет. Не seed/граница; конечный только в выборке."
100000002858835100,terminal,0.66621300,22,0.18190500,"Вход 24,400 KZT от 1 плательщиков; исходящих связей нет. Не seed/граница; конечный только в выборке."
100000002860934100,peripheral,0.00000000,15,0.42461500,"Недостаточно наблюдений для роли; плательщиков 1, получателей 0. Граница depth=4: удержание неизвестно."
100000002861485100,terminal,0.66621300,16,0.25081100,"Вход 29,323 KZT от 1 плательщиков; исходящих связей нет. Не seed/граница; конечный только в выборке."
100000002862113100,terminal,0.78853900,40,0.24884100,"Вход 47,405 KZT от 1 плательщиков; исходящих связей нет. Не seed/граница; конечный только в выборке."
100000002863356100,peripheral,0.00000000,22,0.29734200,"Порогов конкретных ролей не достиг: плательщиков 1, получателей 1, выход/вход 44%."
100000002864256100,terminal,0.66621300,2,0.45291900,"Вход 135,780 KZT от 1 плательщиков; исходящих связей нет. Не seed/граница; конечный только в выборке."
100000002864680100,terminal,0.66621300,7,0.24758500,"Вход 55,932 KZT от 1 плательщиков; исходящих связей нет. Не seed/граница; конечный только в выборке."
100000002870463100,consolidator,0.65672900,1,0.65985800,"Плательщиков 3≥3; вход 207,000 KZT; выход/вход 5%≤20%. Не seed/граница."
100000002870937100,terminal,0.66621300,1,0.23825300,"Вход 83,700 KZT от 1 плательщиков; исходящих связей нет. Не seed/граница; конечный только в выборке."
100000002871199100,terminal,0.66621300,40,0.18737800,"Вход 23,186 KZT от 1 плательщиков; исходящих связей нет. Не seed/граница; конечный только в выборке."
100000002872399100,terminal,0.85667100,1,0.46355600,"Вход 1,090,000 KZT от 1 плательщиков; исходящих связей нет. Не seed/граница; конечный только в выборке."
100000002876914100,peripheral,0.00000000,18,0.15835200,"Недостаточно наблюдений для роли; плательщиков 1, получателей 0. Граница depth=4: удержание неизвестно."
100000002877262100,terminal,0.66621300,42,0.39711600,"Вход 100,000 KZT от 1 плательщиков; исходящих связей нет. Не seed/граница; конечный только в выборке."
100000002878467100,terminal,0.85520600,42,0.45904200,"Вход 200,000 KZT от 2 плательщиков; исходящих связей нет. Не seed/граница; конечный только в выборке."
100000002878483100,peripheral,0.00000000,18,0.12089100,"Недостаточно наблюдений для роли; плательщиков 1, получателей 0. Граница depth=4: удержание неизвестно."
100000002881669100,terminal,0.66621300,7,0.15202600,"Вход 18,600 KZT от 1 плательщиков; исходящих связей нет. Не seed/граница; конечный только в выборке."
100000002883402100,consolidator,0.71958300,4,0.51598800,"Плательщиков 3≥3; вход 300,000 KZT; выход/вход 0%≤20%. Не seed/граница."
100000002884708100,peripheral,0.00000000,42,0.45480800,"Недостаточно наблюдений для роли; плательщиков 1, получателей 0. Граница depth=4: удержание неизвестно."
100000002886166100,terminal,0.82104100,34,0.34610400,"Вход 185,000 KZT от 1 плательщиков; исходящих связей нет. Не seed/граница; конечный только в выборке."
100000002890167100,terminal,0.66621300,16,0.36198200,"Вход 118,150 KZT от 1 плательщиков; исходящих связей нет. Не seed/граница; конечный только в выборке."
100000002891765100,terminal,0.66621300,40,0.26768300,"Вход 55,576 KZT от 1 плательщиков; исходящих связей нет. Не seed/граница; конечный только в выборке."
100000002893020100,terminal,0.66621300,18,0.17822600,"Вход 18,340 KZT от 1 плательщиков; исходящих связей нет. Не seed/граница; конечный только в выборке."
100000002894076100,consolidator,0.82045900,1,0.61909500,"Плательщиков 4≥3; вход 1,122,782 KZT; выход/вход 0%≤20%. Не seed/граница."
100000002896506100,peripheral,0.00000000,10,0.38334300,"Недостаточно наблюдений для роли; плательщиков 1, получателей 0. Граница depth=4: удержание неизвестно."
100000002901457100,peripheral,0.00000000,0,0.67475400,"Порогов конкретных ролей не достиг: плательщиков 1, получателей 3, выход/вход 35%."
100000002904919100,peripheral,0.00000000,0,0.31078100,"Порогов конкретных ролей не достиг: плательщиков 1, получателей 1, выход/вход 9%."
100000002906470100,terminal,0.66621300,43,0.31259100,"Вход 130,000 KZT от 1 плательщиков; исходящих связей нет. Не seed/граница; конечный только в выборке."
100000002908521100,terminal,0.66621300,22,0.22066700,"Вход 44,500 KZT от 1 плательщиков; исходящих связей нет. Не seed/граница; конечный только в выборке."
100000002911170100,terminal,0.78853900,33,0.47338400,"Вход 300,000 KZT от 1 плательщиков; исходящих связей нет. Не seed/граница; конечный только в выборке."
100000002913340100,terminal,0.66621300,22,0.16898400,"Вход 23,600 KZT от 1 плательщиков; исходящих связей нет. Не seed/граница; конечный только в выборке."
100000002914245100,terminal,0.66621300,8,0.28625700,"Вход 140,611 KZT от 1 плательщиков; исходящих связей нет. Не seed/граница; конечный только в выборке."
100000002916006100,peripheral,0.00000000,47,0.09193700,"Недостаточно наблюдений для роли; плательщиков 0, получателей 1. Seed: вход неполный."
100000002921047100,peripheral,0.00000000,1,0.63071200,"Порогов конкретных ролей не достиг: плательщиков 2, получателей 1, выход/вход 48%."
100000002922000100,peripheral,0.00000000,49,0.41366800,"Недостаточно наблюдений для роли; плательщиков 1, получателей 0. Граница depth=4: удержание неизвестно."
100000002926970100,terminal,0.66621300,18,0.30815000,"Вход 85,000 KZT от 1 плательщиков; исходящих связей нет. Не seed/граница; конечный только в выборке."
100000002933386100,peripheral,0.00000000,2,0.47718400,"Порогов конкретных ролей не достиг: плательщиков 1, получателей 1, выход/вход 387%."
100000002934441100,terminal,0.85520600,0,0.31925200,"Вход 60,846 KZT от 2 плательщиков; исходящих связей нет. Не seed/граница; конечный только в выборке."
100000002936322100,terminal,0.85520600,8,0.52786200,"Вход 787,133 KZT от 2 плательщиков; исходящих связей нет. Не seed/граница; конечный только в выборке."
100000002938501100,peripheral,0.00000000,16,0.24850200,"Порогов конкретных ролей не достиг: плательщиков 1, получателей 1, выход/вход 60%."
100000002939838100,consolidator,0.71958300,16,0.60978400,"Плательщиков 3≥3; вход 571,233 KZT; выход/вход 0%≤20%. Не seed/граница."
100000002941114100,peripheral,0.00000000,11,0.71412700,"Порогов конкретных ролей не достиг: плательщиков 2, получателей 1, выход/вход 12%."
100000002943472100,terminal,0.66621300,42,0.43641600,"Вход 170,000 KZT от 1 плательщиков; исходящих связей нет. Не seed/граница; конечный только в выборке."
100000002945031100,terminal,0.66621300,12,0.27024300,"Вход 15,000 KZT от 1 плательщиков; исходящих связей нет. Не seed/граница; конечный только в выборке."
100000002945626100,consolidator,0.71958300,4,0.57619500,"Плательщиков 3≥3; вход 584,000 KZT; выход/вход 0%≤20%. Не seed/граница."
100000002947299100,terminal,0.66621300,2,0.43264800,"Вход 85,000 KZT от 1 плательщиков; исходящих связей нет. Не seed/граница; конечный только в выборке."
100000002948492100,terminal,0.66621300,40,0.18935200,"Вход 23,660 KZT от 1 плательщиков; исходящих связей нет. Не seed/граница; конечный только в выборке."
100000002951898100,terminal,0.66621300,40,0.23385700,"Вход 39,990 KZT от 1 плательщиков; исходящих связей нет. Не seed/граница; конечный только в выборке."
100000002952631100,terminal,0.66621300,16,0.28912400,"Вход 48,050 KZT от 1 плательщиков; исходящих связей нет. Не seed/граница; конечный только в выборке."
100000002952756100,terminal,0.66621300,18,0.30850900,"Вход 47,000 KZT от 1 плательщиков; исходящих связей нет. Не seed/граница; конечный только в выборке."
100000002954780100,terminal,0.66621300,4,0.26992700,"Вход 133,400 KZT от 1 плательщиков; исходящих связей нет. Не seed/граница; конечный только в выборке."
100000002956769100,consolidator,0.71958300,24,0.57772700,"Плательщиков 3≥3; вход 840,000 KZT; выход/вход 0%≤20%. Не seed/граница."
100000002956779100,terminal,0.66621300,2,0.40343900,"Вход 411,000 KZT от 1 плательщиков; исходящих связей нет. Не seed/граница; конечный только в выборке."
100000002956898100,terminal,0.85520600,3,0.54155100,"Вход 290,240 KZT от 2 плательщиков; исходящих связей нет. Не seed/граница; конечный только в выборке."
100000002957306100,terminal,0.85520600,11,0.57883700,"Вход 398,490 KZT от 2 плательщиков; исходящих связей нет. Не seed/граница; конечный только в выборке."
100000002957787100,coordinator,0.93007800,0,0.94542500,Seed-предков 4≥2; входящих 4≥3; исходящих 34≥2; ранг посредничества 98.9%≥90%.
100000002958139100,terminal,0.78853900,4,0.39024600,"Вход 209,500 KZT от 1 плательщиков; исходящих связей нет. Не seed/граница; конечный только в выборке."
100000002958286100,terminal,0.66621300,4,0.34583500,"Вход 257,000 KZT от 1 плательщиков; исходящих связей нет. Не seed/граница; конечный только в выборке."
100000002958343100,peripheral,0.00000000,1,0.53049800,"Порогов конкретных ролей не достиг: плательщиков 1, получателей 2, выход/вход 48%."
100000002958345100,terminal,0.66621300,24,0.40419800,"Вход 307,000 KZT от 1 плательщиков; исходящих связей нет. Не seed/граница; конечный только в выборке."
100000002963189100,peripheral,0.00000000,40,0.66925800,"Порогов конкретных ролей не достиг: плательщиков 1, получателей 7, выход/вход 1065%."
100000002964966100,terminal,0.66621300,2,0.45215700,"Вход 200,000 KZT от 1 плательщиков; исходящих связей нет. Не seed/граница; конечный только в выборке."
100000002968096100,peripheral,0.00000000,8,0.41335700,"Недостаточно наблюдений для роли; плательщиков 1, получателей 0. Граница depth=4: удержание неизвестно."
100000002969048100,terminal,0.66621300,1,0.30393300,"Вход 108,470 KZT от 1 плательщиков; исходящих связей нет. Не seed/граница; конечный только в выборке."
100000002970466100,peripheral,0.00000000,0,0.45423900,"Порогов конкретных ролей не достиг: плательщиков 1, получателей 2, выход/вход 399%."
100000002971593100,peripheral,0.00000000,10,0.44861900,"Недостаточно наблюдений для роли; плательщиков 1, получателей 0. Граница depth=4: удержание неизвестно."
100000002973903100,consolidator,0.71958300,7,0.49705600,"Плательщиков 3≥3; вход 92,880 KZT; выход/вход 0%≤20%. Не seed/граница."
100000002974256100,terminal,0.66621300,7,0.26283800,"Вход 7,200 KZT от 1 плательщиков; исходящих связей нет. Не seed/граница; конечный только в выборке."
100000002975287100,terminal,0.66621300,28,0.14650800,"Вход 15,000 KZT от 1 плательщиков; исходящих связей нет. Не seed/граница; конечный только в выборке."
100000002975437100,peripheral,0.00000000,36,0.45024400,"Порогов конкретных ролей не достиг: плательщиков 1, получателей 1, выход/вход 2%."
100000002981489100,peripheral,0.00000000,10,0.23614700,"Недостаточно наблюдений для роли; плательщиков 1, получателей 0. Граница depth=4: удержание неизвестно."
100000002981527100,terminal,0.66621300,4,0.31627000,"Вход 168,000 KZT от 1 плательщиков; исходящих связей нет. Не seed/граница; конечный только в выборке."
100000002982252100,terminal,0.66621300,22,0.16907400,"Вход 20,320 KZT от 1 плательщиков; исходящих связей нет. Не seed/граница; конечный только в выборке."
100000002983426100,terminal,0.66621300,18,0.31138000,"Вход 88,945 KZT от 1 плательщиков; исходящих связей нет. Не seed/граница; конечный только в выборке."
100000002983879100,terminal,0.85520600,2,0.54441500,"Вход 200,050 KZT от 2 плательщиков; исходящих связей нет. Не seed/граница; конечный только в выборке."
100000002984403100,peripheral,0.00000000,13,0.36130200,"Порогов конкретных ролей не достиг: плательщиков 1, получателей 1, выход/вход 125%."
100000002986245100,peripheral,0.00000000,18,0.11909700,"Недостаточно наблюдений для роли; плательщиков 1, получателей 0. Граница depth=4: удержание неизвестно."
100000002988894100,peripheral,0.00000000,2,0.71949200,"Порогов конкретных ролей не достиг: плательщиков 1, получателей 3, выход/вход 25%."
100000002989353100,peripheral,0.00000000,24,0.52273600,"Порогов конкретных ролей не достиг: плательщиков 1, получателей 2, выход/вход 64%."
100000002990675100,terminal,0.66621300,10,0.30344200,"Вход 51,143 KZT от 1 плательщиков; исходящих связей нет. Не seed/граница; конечный только в выборке."
100000002991079100,peripheral,0.00000000,16,0.58970600,"Порогов конкретных ролей не достиг: плательщиков 2, получателей 1, выход/вход 7%."
100000002992171100,terminal,0.66621300,22,0.13919500,"Вход 14,627 KZT от 1 плательщиков; исходящих связей нет. Не seed/граница; конечный только в выборке."
100000002994441100,peripheral,0.00000000,8,0.26508100,"Недостаточно наблюдений для роли; плательщиков 1, получателей 0. Граница depth=4: удержание неизвестно."
100000002999140100,peripheral,0.00000000,7,0.13686200,"Недостаточно наблюдений для роли; плательщиков 1, получателей 0. Граница depth=4: удержание неизвестно."
100000003001138100,peripheral,0.00000000,15,0.26117800,"Недостаточно наблюдений для роли; плательщиков 1, получателей 0. Граница depth=4: удержание неизвестно."
100000003001564100,peripheral,0.00000000,16,0.40315100,"Порогов конкретных ролей не достиг: плательщиков 1, получателей 1, выход/вход 765%."
100000003001661100,peripheral,0.00000000,15,0.65914300,"Порогов конкретных ролей не достиг: плательщиков 1, получателей 5, выход/вход 400%."
100000003003821100,terminal,0.66621300,2,0.44798400,"Вход 40,000 KZT от 1 плательщиков; исходящих связей нет. Не seed/граница; конечный только в выборке."
100000003004487100,peripheral,0.00000000,36,0.72615100,"Порогов конкретных ролей не достиг: плательщиков 4, получателей 2, выход/вход 144%."
100000003005167100,peripheral,0.00000000,18,0.12824900,"Недостаточно наблюдений для роли; плательщиков 1, получателей 0. Граница depth=4: удержание неизвестно."
100000003006633100,terminal,0.66621300,38,0.15929400,"Вход 10,000 KZT от 1 плательщиков; исходящих связей нет. Не seed/граница; конечный только в выборке."
100000003009900100,terminal,0.66621300,18,0.16674100,"Вход 15,998 KZT от 1 плательщиков; исходящих связей нет. Не seed/граница; конечный только в выборке."
100000003010908100,peripheral,0.00000000,18,0.26674100,"Недостаточно наблюдений для роли; плательщиков 1, получателей 0. Граница depth=4: удержание неизвестно."
100000003014659100,terminal,0.66621300,11,0.50463900,"Вход 280,000 KZT от 1 плательщиков; исходящих связей нет. Не seed/граница; конечный только в выборке."
100000003016438100,peripheral,0.00000000,42,0.47069700,"Порогов конкретных ролей не достиг: плательщиков 1, получателей 1, выход/вход 150%."
100000003016635100,coordinator,0.63822400,16,0.95353400,Seed-предков 3≥2; входящих 8≥3; исходящих 73≥2; ранг посредничества 99.7%≥90%. Seed: вход неполный.
100000003016773100,terminal,0.66621300,42,0.27782200,"Вход 46,555 KZT от 1 плательщиков; исходящих связей нет. Не seed/граница; конечный только в выборке."
100000003022835100,terminal,0.66621300,2,0.44735600,"Вход 125,000 KZT от 1 плательщиков; исходящих связей нет. Не seed/граница; конечный только в выборке."
100000003024542100,terminal,0.66621300,2,0.34022300,"Вход 8,500 KZT от 1 плательщиков; исходящих связей нет. Не seed/граница; конечный только в выборке."
100000003025903100,peripheral,0.00000000,10,0.52811700,"Недостаточно наблюдений для роли; плательщиков 1, получателей 0. Граница depth=4: удержание неизвестно."
100000003031003100,consolidator,0.71958300,24,0.53204900,"Плательщиков 3≥3; вход 280,090 KZT; выход/вход 0%≤20%. Не seed/граница."
100000003031633100,terminal,0.78853900,4,0.43789100,"Вход 414,000 KZT от 1 плательщиков; исходящих связей нет. Не seed/граница; конечный только в выборке."
100000003031761100,terminal,0.66621300,8,0.37113800,"Вход 460,408 KZT от 1 плательщиков; исходящих связей нет. Не seed/граница; конечный только в выборке."
100000003031890100,terminal,0.85857500,34,0.37903400,"Вход 215,000 KZT от 1 плательщиков; исходящих связей нет. Не seed/граница; конечный только в выборке."
100000003034546100,terminal,0.78853900,4,0.38235400,"Вход 486,715 KZT от 1 плательщиков; исходящих связей нет. Не seed/граница; конечный только в выборке."
100000003035737100,peripheral,0.00000000,10,0.64826500,"Порогов конкретных ролей не достиг: плательщиков 2, получателей 1, выход/вход 1%."
100000003036198100,terminal,0.66621300,2,0.20810100,"Вход 15,000 KZT от 1 плательщиков; исходящих связей нет. Не seed/граница; конечный только в выборке."
100000003037476100,peripheral,0.00000000,4,0.52716000,"Недостаточно наблюдений для роли; плательщиков 3, получателей 0. Граница depth=4: удержание неизвестно."
100000003037660100,terminal,0.66621300,2,0.38118300,"Вход 53,000 KZT от 1 плательщиков; исходящих связей нет. Не seed/граница; конечный только в выборке."
100000003039473100,terminal,0.66621300,16,0.34772200,"Вход 23,000 KZT от 1 плательщиков; исходящих связей нет. Не seed/граница; конечный только в выборке."
100000003040087100,peripheral,0.00000000,18,0.29329700,"Недостаточно наблюдений для роли; плательщиков 1, получателей 0. Граница depth=4: удержание неизвестно."
100000003042994100,terminal,0.82104100,16,0.42838000,"Вход 286,086 KZT от 1 плательщиков; исходящих связей нет. Не seed/граница; конечный только в выборке."
100000003044431100,terminal,0.85520600,2,0.42813700,"Вход 60,000 KZT от 2 плательщиков; исходящих связей нет. Не seed/граница; конечный только в выборке."
100000003044518100,terminal,0.66621300,1,0.17454700,"Вход 34,423 KZT от 1 плательщиков; исходящих связей нет. Не seed/граница; конечный только в выборке."
100000003047800100,peripheral,0.00000000,24,0.24758500,"Недостаточно наблюдений для роли; плательщиков 1, получателей 0. Граница depth=4: удержание неизвестно."
100000003050771100,terminal,0.66621300,12,0.48451000,"Вход 229,000 KZT от 1 плательщиков; исходящих связей нет. Не seed/граница; конечный только в выборке."
100000003054328100,peripheral,0.00000000,24,0.42413600,"Порогов конкретных ролей не достиг: плательщиков 1, получателей 2, выход/вход 138%."
100000003057225100,terminal,0.66621300,16,0.41267700,"Вход 236,000 KZT от 1 плательщиков; исходящих связей нет. Не seed/граница; конечный только в выборке."
100000003060187100,terminal,0.66621300,43,0.28760300,"Вход 93,046 KZT от 1 плательщиков; исходящих связей нет. Не seed/граница; конечный только в выборке."
100000003060517100,terminal,0.66621300,28,0.38450700,"Вход 315,955 KZT от 1 плательщиков; исходящих связей нет. Не seed/граница; конечный только в выборке."
100000003061115100,peripheral,0.00000000,0,0.41083800,"Недостаточно наблюдений для роли; плательщиков 1, получателей 0. Граница depth=4: удержание неизвестно."
100000003062895100,terminal,0.85520600,42,0.51700500,"Вход 328,444 KZT от 2 плательщиков; исходящих связей нет. Не seed/граница; конечный только в выборке."
100000003066385100,terminal,0.85520600,0,0.22306500,"Вход 20,000 KZT от 2 плательщиков; исходящих связей нет. Не seed/граница; конечный только в выборке."
100000003068941100,peripheral,0.00000000,0,0.58380700,"Порогов конкретных ролей не достиг: плательщиков 3, получателей 1, выход/вход 27%."
100000003069463100,peripheral,0.00000000,14,0.24747700,"Порогов конкретных ролей не достиг: плательщиков 1, получателей 1, выход/вход 156%."
100000003071649100,terminal,0.66621300,4,0.29594700,"Вход 189,500 KZT от 1 плательщиков; исходящих связей нет. Не seed/граница; конечный только в выборке."
100000003071930100,consolidator,0.71349000,4,0.73043600,"Плательщиков 3≥3; вход 477,610 KZT; выход/вход 1%≤20%. Не seed/граница."
100000003072205100,peripheral,0.00000000,4,0.49166400,"Недостаточно наблюдений для роли; плательщиков 2, получателей 0. Граница depth=4: удержание неизвестно."
100000003072676100,terminal,0.66621300,28,0.21142500,"Вход 31,545 KZT от 1 плательщиков; исходящих связей нет. Не seed/граница; конечный только в выборке."
100000003073398100,terminal,0.66621300,1,0.29101200,"Вход 92,960 KZT от 1 плательщиков; исходящих связей нет. Не seed/граница; конечный только в выборке."
100000003073635100,terminal,0.66621300,8,0.31802000,"Вход 129,231 KZT от 1 плательщиков; исходящих связей нет. Не seed/граница; конечный только в выборке."
100000003074515100,peripheral,0.00000000,4,0.36184800,"Недостаточно наблюдений для роли; плательщиков 1, получателей 0. Граница depth=4: удержание неизвестно."
100000003078839100,peripheral,0.00000000,8,0.21918600,"Недостаточно наблюдений для роли; плательщиков 1, получателей 0. Граница depth=4: удержание неизвестно."
100000003083865100,peripheral,0.00000000,18,0.23470500,"Недостаточно наблюдений для роли; плательщиков 1, получателей 0. Граница depth=4: удержание неизвестно."
100000003084870100,peripheral,0.00000000,24,0.22237200,"Недостаточно наблюдений для роли; плательщиков 1, получателей 0. Граница depth=4: удержание неизвестно."
100000003086040100,terminal,0.66621300,0,0.35413100,"Вход 10,500 KZT от 1 плательщиков; исходящих связей нет. Не seed/граница; конечный только в выборке."
100000003087877100,terminal,0.66621300,8,0.25296800,"Вход 91,486 KZT от 1 плательщиков; исходящих связей нет. Не seed/граница; конечный только в выборке."
100000003089018100,terminal,0.66621300,4,0.33197200,"Вход 230,000 KZT от 1 плательщиков; исходящих связей нет. Не seed/граница; конечный только в выборке."
100000003089553100,terminal,0.66621300,42,0.42654700,"Вход 150,000 KZT от 1 плательщиков; исходящих связей нет. Не seed/граница; конечный только в выборке."
100000003091142100,peripheral,0.00000000,0,0.38522100,"Недостаточно наблюдений для роли; плательщиков 1, получателей 0. Граница depth=4: удержание неизвестно."
100000003093299100,terminal,0.66621300,0,0.19912900,"Вход 15,000 KZT от 1 плательщиков; исходящих связей нет. Не seed/граница; конечный только в выборке."
100000003095610100,terminal,0.66621300,18,0.19931200,"Вход 23,665 KZT от 1 плательщиков; исходящих связей нет. Не seed/граница; конечный только в выборке."
100000003096787100,peripheral,0.00000000,18,0.24255600,"Недостаточно наблюдений для роли; плательщиков 1, получателей 0. Граница depth=4: удержание неизвестно."
100000003097324100,terminal,0.85520600,35,0.51938900,"Вход 294,000 KZT от 2 плательщиков; исходящих связей нет. Не seed/граница; конечный только в выборке."
100000003097947100,peripheral,0.00000000,8,0.29298600,"Недостаточно наблюдений для роли; плательщиков 1, получателей 0. Граница depth=4: удержание неизвестно."
100000003102157100,terminal,0.78853900,0,0.29424200,"Вход 96,746 KZT от 1 плательщиков; исходящих связей нет. Не seed/граница; конечный только в выборке."
100000003104347100,peripheral,0.00000000,29,0.47327600,"Порогов конкретных ролей не достиг: плательщиков 1, получателей 1, выход/вход 8%."
100000003105089100,peripheral,0.00000000,32,0.18132200,"Недостаточно наблюдений для роли; плательщиков 1, получателей 0. Граница depth=4: удержание неизвестно."
100000003105929100,peripheral,0.00000000,10,0.52671100,"Порогов конкретных ролей не достиг: плательщиков 1, получателей 1, выход/вход 36%."
100000003109805100,terminal,0.66621300,28,0.20810500,"Вход 36,929 KZT от 1 плательщиков; исходящих связей нет. Не seed/граница; конечный только в выборке."
100000003111305100,consolidator,0.81252600,46,0.59922200,"Плательщиков 4≥3; вход 509,338 KZT; выход/вход 0%≤20%. Не seed/граница."
100000003112436100,terminal,0.66621300,16,0.42492400,"Вход 100,000 KZT от 1 плательщиков; исходящих связей нет. Не seed/граница; конечный только в выборке."
100000003112578100,terminal,0.66621300,24,0.32295100,"Вход 101,080 KZT от 1 плательщиков; исходящих связей нет. Не seed/граница; конечный только в выборке."
100000003115284100,peripheral,0.00000000,11,0.90173400,"Порогов конкретных ролей не достиг: плательщиков 8, получателей 2, выход/вход 24%."
100000003116106100,terminal,0.78853900,10,0.45696400,"Вход 494,050 KZT от 1 плательщиков; исходящих связей нет. Не seed/граница; конечный только в выборке."
100000003119550100,terminal,0.66621300,22,0.17055500,"Вход 21,000 KZT от 1 плательщиков; исходящих связей нет. Не seed/граница; конечный только в выборке."
100000003122817100,terminal,0.66621300,14,0.40433700,"Вход 444,680 KZT от 1 плательщиков; исходящих связей нет. Не seed/граница; конечный только в выборке."
100000003123296100,terminal,0.78853900,7,0.27934800,"Вход 86,200 KZT от 1 плательщиков; исходящих связей нет. Не seed/граница; конечный только в выборке."
100000003125997100,peripheral,0.00000000,42,0.37400900,"Недостаточно наблюдений для роли; плательщиков 1, получателей 0. Граница depth=4: удержание неизвестно."
100000003128638100,peripheral,0.00000000,4,0.38127700,"Недостаточно наблюдений для роли; плательщиков 1, получателей 0. Граница depth=4: удержание неизвестно."
100000003131016100,peripheral,0.00000000,8,0.55472700,"Порогов конкретных ролей не достиг: плательщиков 1, получателей 1, выход/вход 31%."
100000003131693100,terminal,0.66621300,2,0.51689400,"Вход 353,277 KZT от 1 плательщиков; исходящих связей нет. Не seed/граница; конечный только в выборке."
100000003132484100,terminal,0.66621300,4,0.37176600,"Вход 90,000 KZT от 1 плательщиков; исходящих связей нет. Не seed/граница; конечный только в выборке."
100000003133045100,peripheral,0.00000000,48,0.31173900,"Недостаточно наблюдений для роли; плательщиков 1, получателей 0. Граница depth=4: удержание неизвестно."
100000003134474100,terminal,0.66621300,10,0.35593200,"Вход 116,000 KZT от 1 плательщиков; исходящих связей нет. Не seed/граница; конечный только в выборке."
100000003134550100,peripheral,0.00000000,42,0.28302700,"Недостаточно наблюдений для роли; плательщиков 1, получателей 0. Граница depth=4: удержание неизвестно."
100000003134934100,consolidator,0.81252600,0,0.57096500,"Плательщиков 4≥3; вход 379,354 KZT; выход/вход 0%≤20%. Не seed/граница."
100000003134937100,terminal,0.66621300,16,0.19141200,"Вход 10,286 KZT от 1 плательщиков; исходящих связей нет. Не seed/граница; конечный только в выборке."
100000003146511100,peripheral,0.00000000,12,0.27862600,"Недостаточно наблюдений для роли; плательщиков 1, получателей 0. Граница depth=4: удержание неизвестно."
100000003147719100,terminal,0.66621300,4,0.24955900,"Вход 100,000 KZT от 1 плательщиков; исходящих связей нет. Не seed/граница; конечный только в выборке."
100000003148220100,peripheral,0.00000000,50,0.42318600,"Порогов конкретных ролей не достиг: плательщиков 1, получателей 2, выход/вход 768%."
100000003149149100,terminal,0.66621300,10,0.40788300,"Вход 245,000 KZT от 1 плательщиков; исходящих связей нет. Не seed/граница; конечный только в выборке."
100000003152964100,peripheral,0.00000000,8,0.40651900,"Порогов конкретных ролей не достиг: плательщиков 1, получателей 1, выход/вход 4%."
100000003154105100,peripheral,0.00000000,32,0.67438300,"Порогов конкретных ролей не достиг: плательщиков 1, получателей 7, выход/вход 563%."
100000003157333100,terminal,0.66621300,1,0.19819000,"Вход 30,000 KZT от 1 плательщиков; исходящих связей нет. Не seed/граница; конечный только в выборке."
100000003157679100,consolidator,0.81252600,4,0.59213400,"Плательщиков 4≥3; вход 541,000 KZT; выход/вход 0%≤20%. Не seed/граница."
100000003158727100,consolidator,0.71958300,1,0.54523900,"Плательщиков 3≥3; вход 367,940 KZT; выход/вход 0%≤20%. Не seed/граница."
100000003159641100,peripheral,0.00000000,3,0.66748000,"Порогов конкретных ролей не достиг: плательщиков 4, получателей 1, выход/вход 309%."
100000003163256100,transit,0.47942200,16,0.28314200,"Объёмный транзит: выход/вход 111% в [80%; 120%]; плательщиков 1, получателей 1. Не seed/граница."
100000003163886100,terminal,0.66621300,31,0.52573300,"Вход 500,000 KZT от 1 плательщиков; исходящих связей нет. Не seed/граница; конечный только в выборке."
100000003164661100,terminal,0.82104100,27,0.44861700,"Вход 596,200 KZT от 1 плательщиков; исходящих связей нет. Не seed/граница; конечный только в выборке."
100000003166017100,peripheral,0.00000000,18,0.23470500,"Недостаточно наблюдений для роли; плательщиков 1, получателей 0. Граница depth=4: удержание неизвестно."
100000003166755100,terminal,0.66621300,2,0.24623500,"Вход 24,010 KZT от 1 плательщиков; исходящих связей нет. Не seed/граница; конечный только в выборке."
100000003171006100,terminal,0.85520600,4,0.53975700,"Вход 485,000 KZT от 2 плательщиков; исходящих связей нет. Не seed/граница; конечный только в выборке."
100000003171587100,peripheral,0.00000000,10,0.70259200,"Порогов конкретных ролей не достиг: плательщиков 2, получателей 2, выход/вход 62%."
100000003173783100,peripheral,0.00000000,33,0.26544000,"Недостаточно наблюдений для роли; плательщиков 1, получателей 0. Граница depth=4: удержание неизвестно."
100000003177533100,peripheral,0.00000000,8,0.25377600,"Недостаточно наблюдений для роли; плательщиков 1, получателей 0. Граница depth=4: удержание неизвестно."
100000003178549100,peripheral,0.00000000,28,0.66814400,"Порогов конкретных ролей не достиг: плательщиков 2, получателей 4, выход/вход 36%."
100000003180305100,peripheral,0.00000000,0,0.49339300,"Недостаточно наблюдений для роли; плательщиков 1, получателей 0. Граница depth=4: удержание неизвестно."
100000003180820100,peripheral,0.00000000,4,0.35884200,"Недостаточно наблюдений для роли; плательщиков 1, получателей 0. Граница depth=4: удержание неизвестно."
100000003186579100,peripheral,0.00000000,8,0.37347100,"Недостаточно наблюдений для роли; плательщиков 1, получателей 0. Граница depth=4: удержание неизвестно."
100000003187359100,terminal,0.66621300,22,0.16108800,"Вход 19,072 KZT от 1 плательщиков; исходящих связей нет. Не seed/граница; конечный только в выборке."
100000003188607100,peripheral,0.00000000,1,0.26458800,"Порогов конкретных ролей не достиг: плательщиков 1, получателей 1, выход/вход 28%."
100000003190207100,peripheral,0.00000000,47,0.51704000,"Порогов конкретных ролей не достиг: плательщиков 1, получателей 1, выход/вход 7540%."
100000003191430100,terminal,0.66621300,16,0.39361400,"Вход 180,000 KZT от 1 плательщиков; исходящих связей нет. Не seed/граница; конечный только в выборке."
100000003192220100,terminal,0.78853900,5,0.34655300,"Вход 60,000 KZT от 1 плательщиков; исходящих связей нет. Не seed/граница; конечный только в выборке."
100000003192309100,peripheral,0.00000000,22,0.30290500,"Порогов конкретных ролей не достиг: плательщиков 1, получателей 1, выход/вход 1238%."
100000003194831100,peripheral,0.00000000,18,0.13740100,"Недостаточно наблюдений для роли; плательщиков 1, получателей 0. Граница depth=4: удержание неизвестно."
100000003199390100,peripheral,0.00000000,10,0.49150800,"Недостаточно наблюдений для роли; плательщиков 1, получателей 0. Граница depth=4: удержание неизвестно."
100000003200071100,peripheral,0.00000000,58,0.08807900,"Недостаточно наблюдений для роли; плательщиков 0, получателей 1. Seed: вход неполный."
100000003204491100,peripheral,0.00000000,0,0.37327600,"Порогов конкретных ролей не достиг: плательщиков 1, получателей 1, выход/вход 71%."
100000003205210100,terminal,0.66621300,2,0.45408500,"Вход 137,563 KZT от 1 плательщиков; исходящих связей нет. Не seed/граница; конечный только в выборке."
100000003207060100,peripheral,0.00000000,0,0.40446800,"Недостаточно наблюдений для роли; плательщиков 1, получателей 0. Граница depth=4: удержание неизвестно."
100000003213473100,distributor,0.64318400,0,0.58411900,"Получателей 11≥10; исходящих переводов 12≥10; выход 240,000 KZT."
100000003214786100,peripheral,0.00000000,0,0.31196000,"Недостаточно наблюдений для роли; плательщиков 1, получателей 0. Граница depth=4: удержание неизвестно."
100000003215448100,peripheral,0.00000000,8,0.47003500,"Порогов конкретных ролей не достиг: плательщиков 1, получателей 2, выход/вход 136%."
100000003216073100,peripheral,0.00000000,8,0.24899400,"Порогов конкретных ролей не достиг: плательщиков 1, получателей 1, выход/вход 189%."
100000003218308100,terminal,0.66621300,0,0.18997700,"Вход 11,165 KZT от 1 плательщиков; исходящих связей нет. Не seed/граница; конечный только в выборке."
100000003219438100,terminal,0.66621300,59,0.30918200,"Вход 32,000 KZT от 1 плательщиков; исходящих связей нет. Не seed/граница; конечный только в выборке."
100000003220685100,peripheral,0.00000000,10,0.55786100,"Недостаточно наблюдений для роли; плательщиков 1, получателей 0. Граница depth=4: удержание неизвестно."
100000003221384100,terminal,0.66621300,3,0.52757800,"Вход 511,200 KZT от 1 плательщиков; исходящих связей нет. Не seed/граница; конечный только в выборке."
100000003221510100,peripheral,0.00000000,0,0.46644200,"Порогов конкретных ролей не достиг: плательщиков 1, получателей 2, выход/вход 500%."
100000003230328100,peripheral,0.00000000,0,0.44035600,"Недостаточно наблюдений для роли; плательщиков 3, получателей 0. Граница depth=4: удержание неизвестно."
100000003230329100,peripheral,0.00000000,4,0.36602000,"Недостаточно наблюдений для роли; плательщиков 1, получателей 0. Граница depth=4: удержание неизвестно."
100000003232675100,peripheral,0.00000000,12,0.38692600,"Недостаточно наблюдений для роли; плательщиков 1, получателей 0. Граница depth=4: удержание неизвестно."
100000003235780100,terminal,0.85520600,0,0.35388200,"Вход 65,000 KZT от 2 плательщиков; исходящих связей нет. Не seed/граница; конечный только в выборке."
100000003237045100,peripheral,0.00000000,16,0.41888500,"Порогов конкретных ролей не достиг: плательщиков 1, получателей 1, выход/вход 44%."
100000003239379100,terminal,0.66621300,7,0.28571800,"Вход 92,500 KZT от 1 плательщиков; исходящих связей нет. Не seed/граница; конечный только в выборке."
100000003239859100,terminal,0.66621300,7,0.15202600,"Вход 18,600 KZT от 1 плательщиков; исходящих связей нет. Не seed/граница; конечный только в выборке."
100000003241965100,terminal,0.66621300,18,0.16055000,"Вход 15,000 KZT от 1 плательщиков; исходящих связей нет. Не seed/граница; конечный только в выборке."
100000003242289100,coordinator,0.79321800,28,0.88366600,Seed-предков 3≥2; входящих 3≥3; исходящих 23≥2; ранг посредничества 93.6%≥90%.
100000003242795100,terminal,0.66621300,10,0.35261200,"Вход 111,000 KZT от 1 плательщиков; исходящих связей нет. Не seed/граница; конечный только в выборке."
100000003246024100,peripheral,0.00000000,8,0.56768800,"Порогов конкретных ролей не достиг: плательщиков 1, получателей 1, выход/вход 20%."
100000003247600100,peripheral,0.00000000,2,0.37679100,"Недостаточно наблюдений для роли; плательщиков 1, получателей 0. Граница depth=4: удержание неизвестно."
100000003249054100,consolidator,0.76969900,2,0.66630100,"Плательщиков 7≥3; вход 99,700 KZT; выход/вход 15%≤20%. Не seed/граница."
100000003252446100,peripheral,0.00000000,42,0.29119200,"Недостаточно наблюдений для роли; плательщиков 1, получателей 0. Граница depth=4: удержание неизвестно."
100000003254277100,transit,0.52428900,0,0.35178300,"Объёмный транзит: выход/вход 91% в [80%; 120%]; плательщиков 1, получателей 1. Не seed/граница."
100000003254723100,terminal,0.84735600,2,0.53995300,"Вход 269,850 KZT от 1 плательщиков; исходящих связей нет. Не seed/граница; конечный только в выборке."
100000003265158100,transit,0.86140400,7,0.77070200,"Объёмный транзит: выход/вход 106% в [80%; 120%]; плательщиков 3, получателей 2. Не seed/граница."
100000003265658100,peripheral,0.00000000,60,0.00000000,"Недостаточно наблюдений для роли; плательщиков 0, получателей 0. Нет рёбер: недостаточно наблюдений."
100000003270419100,terminal,0.66621300,12,0.48759900,"Вход 150,000 KZT от 1 плательщиков; исходящих связей нет. Не seed/граница; конечный только в выборке."
100000003271151100,terminal,0.66621300,8,0.31703300,"Вход 127,294 KZT от 1 плательщиков; исходящих связей нет. Не seed/граница; конечный только в выборке."
100000003275398100,peripheral,0.00000000,34,0.42310200,"Порогов конкретных ролей не достиг: плательщиков 1, получателей 1, выход/вход 7%."
100000003278020100,terminal,0.66621300,0,0.34695700,"Вход 190,000 KZT от 1 плательщиков; исходящих связей нет. Не seed/граница; конечный только в выборке."
100000003284932100,terminal,0.66621300,2,0.40123700,"Вход 69,925 KZT от 1 плательщиков; исходящих связей нет. Не seed/граница; конечный только в выборке."
100000003286537100,terminal,0.85520600,4,0.46200900,"Вход 153,000 KZT от 2 плательщиков; исходящих связей нет. Не seed/граница; конечный только в выборке."
100000003289281100,peripheral,0.00000000,0,0.34493800,"Недостаточно наблюдений для роли; плательщиков 1, получателей 0. Граница depth=4: удержание неизвестно."
100000003289405100,terminal,0.66621300,2,0.37813600,"Вход 355,000 KZT от 1 плательщиков; исходящих связей нет. Не seed/граница; конечный только в выборке."
100000003292191100,terminal,0.66621300,35,0.29150600,"Вход 112,000 KZT от 1 плательщиков; исходящих связей нет. Не seed/граница; конечный только в выборке."
100000003292979100,terminal,0.66621300,2,0.42546300,"Вход 48,950 KZT от 1 плательщиков; исходящих связей нет. Не seed/граница; конечный только в выборке."
100000003293377100,terminal,0.66621300,10,0.30034600,"Вход 50,000 KZT от 1 плательщиков; исходящих связей нет. Не seed/граница; конечный только в выборке."
100000003299365100,transit,0.66666700,2,0.50524200,"Объёмный транзит: выход/вход 100% в [80%; 120%]; плательщиков 1, получателей 1. Не seed/граница."
100000003321423100,terminal,0.78853900,11,0.52514900,"Вход 100,000 KZT от 1 плательщиков; исходящих связей нет. Не seed/граница; конечный только в выборке."
100000003321895100,peripheral,0.00000000,51,0.53990900,"Порогов конкретных ролей не достиг: плательщиков 1, получателей 2, выход/вход 2308%."
100000003336565100,terminal,0.66621300,22,0.16611300,"Вход 16,550 KZT от 1 плательщиков; исходящих связей нет. Не seed/граница; конечный только в выборке."
100000003338583100,terminal,0.66621300,34,0.17302200,"Вход 21,765 KZT от 1 плательщиков; исходящих связей нет. Не seed/граница; конечный только в выборке."
100000003345947100,peripheral,0.00000000,8,0.35552500,"Недостаточно наблюдений для роли; плательщиков 1, получателей 0. Граница depth=4: удержание неизвестно."
100000003349739100,peripheral,0.00000000,61,0.00000000,"Недостаточно наблюдений для роли; плательщиков 0, получателей 0. Нет рёбер: недостаточно наблюдений."
100000003360542100,peripheral,0.00000000,11,0.71371400,"Порогов конкретных ролей не достиг: плательщиков 2, получателей 2, выход/вход 16%."
100000003366154100,peripheral,0.00000000,2,0.68467900,"Порогов конкретных ролей не достиг: плательщиков 1, получателей 3, выход/вход 231%."
100000003366471100,peripheral,0.00000000,8,0.58441900,"Порогов конкретных ролей не достиг: плательщиков 2, получателей 1, выход/вход 6%."
100000003370425100,peripheral,0.00000000,12,0.44601000,"Недостаточно наблюдений для роли; плательщиков 1, получателей 0. Граница depth=4: удержание неизвестно."
100000003377795100,terminal,0.66621300,1,0.10312500,"Вход 7,000 KZT от 1 плательщиков; исходящих связей нет. Не seed/граница; конечный только в выборке."
100000003390036100,peripheral,0.00000000,11,0.82728700,"Порогов конкретных ролей не достиг: плательщиков 2, получателей 2, выход/вход 27%."
100000003404627100,consolidator,0.81737700,42,0.67063700,"Плательщиков 4≥3; вход 877,700 KZT; выход/вход 0%≤20%. Не seed/граница."
100000003406094100,peripheral,0.00000000,16,0.63975000,"Порогов конкретных ролей не достиг: плательщиков 1, получателей 3, выход/вход 67%."
100000003447411100,peripheral,0.00000000,8,0.34152800,"Недостаточно наблюдений для роли; плательщиков 1, получателей 0. Граница depth=4: удержание неизвестно."
100000003448713100,peripheral,0.00000000,8,0.33237600,"Недостаточно наблюдений для роли; плательщиков 1, получателей 0. Граница depth=4: удержание неизвестно."
100000003449074100,terminal,0.66621300,0,0.11891700,"Вход 10,000 KZT от 1 плательщиков; исходящих связей нет. Не seed/граница; конечный только в выборке."
100000003457710100,peripheral,0.00000000,10,0.53689500,"Порогов конкретных ролей не достиг: плательщиков 1, получателей 1, выход/вход 400%."
100000003470579100,peripheral,0.00000000,14,0.43152400,"Недостаточно наблюдений для роли; плательщиков 1, получателей 0. Граница depth=4: удержание неизвестно."
100000003476560100,terminal,0.66621300,2,0.37472200,"Вход 50,000 KZT от 1 плательщиков; исходящих связей нет. Не seed/граница; конечный только в выборке."
100000003481025100,peripheral,0.00000000,0,0.26463300,"Недостаточно наблюдений для роли; плательщиков 1, получателей 0. Граница depth=4: удержание неизвестно."
100000003484058100,peripheral,0.00000000,40,0.40059800,"Порогов конкретных ролей не достиг: плательщиков 1, получателей 1, выход/вход 5%."
100000003486846100,peripheral,0.00000000,16,0.31295000,"Недостаточно наблюдений для роли; плательщиков 1, получателей 0. Граница depth=4: удержание неизвестно."
100000003486970100,terminal,0.66621300,10,0.37253100,"Вход 150,000 KZT от 1 плательщиков; исходящих связей нет. Не seed/граница; конечный только в выборке."
100000003497735100,terminal,0.66621300,43,0.30972000,"Вход 125,000 KZT от 1 плательщиков; исходящих связей нет. Не seed/граница; конечный только в выборке."
100000003500764100,peripheral,0.00000000,28,0.40716600,"Недостаточно наблюдений для роли; плательщиков 1, получателей 0. Граница depth=4: удержание неизвестно."
100000003509750100,transit,0.88182000,1,0.55272200,"Объёмный транзит: выход/вход 95% в [80%; 120%]; плательщиков 3, получателей 3. Не seed/граница."
100000003528285100,peripheral,0.00000000,2,0.77326400,"Порогов конкретных ролей не достиг: плательщиков 4, получателей 4, выход/вход 461%."
100000003557488100,peripheral,0.00000000,36,0.58560200,"Порогов конкретных ролей не достиг: плательщиков 1, получателей 2, выход/вход 21%."
100000003561031100,peripheral,0.00000000,8,0.21378700,"Порогов конкретных ролей не достиг: плательщиков 1, получателей 1, выход/вход 38%."
100000003567087100,terminal,0.66621300,22,0.26274800,"Вход 62,115 KZT от 1 плательщиков; исходящих связей нет. Не seed/граница; конечный только в выборке."
100000003568904100,peripheral,0.00000000,12,0.41397900,"Недостаточно наблюдений для роли; плательщиков 1, получателей 0. Граница depth=4: удержание неизвестно."
100000003574895100,peripheral,0.00000000,0,0.31616100,"Порогов конкретных ролей не достиг: плательщиков 1, получателей 1, выход/вход 72%."
100000003581109100,terminal,0.66621300,0,0.25915600,"Вход 42,750 KZT от 1 плательщиков; исходящих связей нет. Не seed/граница; конечный только в выборке."
100000003582677100,peripheral,0.00000000,2,0.52995300,"Порогов конкретных ролей не достиг: плательщиков 2, получателей 4, выход/вход 188%."
100000003589877100,peripheral,0.00000000,42,0.70326500,"Порогов конкретных ролей не достиг: плательщиков 2, получателей 6, выход/вход 236%."
100000003594472100,terminal,0.66621300,36,0.19150600,"Вход 20,000 KZT от 1 плательщиков; исходящих связей нет. Не seed/граница; конечный только в выборке."
100000003603979100,terminal,0.82104100,34,0.40590700,"Вход 165,000 KZT от 1 плательщиков; исходящих связей нет. Не seed/граница; конечный только в выборке."
100000003610172100,terminal,0.66621300,10,0.31968200,"Вход 70,000 KZT от 1 плательщиков; исходящих связей нет. Не seed/граница; конечный только в выборке."
100000003616818100,peripheral,0.00000000,34,0.55532400,"Порогов конкретных ролей не достиг: плательщиков 3, получателей 3, выход/вход 308%."
100000003617552100,terminal,0.66621300,27,0.31618000,"Вход 25,000 KZT от 1 плательщиков; исходящих связей нет. Не seed/граница; конечный только в выборке."
100000003622955100,peripheral,0.00000000,11,0.38809200,"Недостаточно наблюдений для роли; плательщиков 1, получателей 0. Граница depth=4: удержание неизвестно."
100000003626268100,peripheral,0.00000000,8,0.25485300,"Недостаточно наблюдений для роли; плательщиков 1, получателей 0. Граница depth=4: удержание неизвестно."
100000003631015100,peripheral,0.00000000,62,0.43196900,"Недостаточно наблюдений для роли; плательщиков 1, получателей 0. Граница depth=4: удержание неизвестно."
100000003632533100,peripheral,0.00000000,10,0.36337900,"Недостаточно наблюдений для роли; плательщиков 1, получателей 0. Граница depth=4: удержание неизвестно."
100000003635170100,transit,0.86033500,11,0.88017400,"Объёмный транзит: выход/вход 94% в [80%; 120%]; плательщиков 3, получателей 4. Не seed/граница."
100000003635660100,terminal,0.66621300,0,0.24148000,"Вход 18,985 KZT от 1 плательщиков; исходящих связей нет. Не seed/граница; конечный только в выборке."
100000003636627100,peripheral,0.00000000,1,0.42112800,"Порогов конкретных ролей не достиг: плательщиков 1, получателей 1, выход/вход 13%."
100000003646145100,peripheral,0.00000000,41,0.27450300,"Недостаточно наблюдений для роли; плательщиков 1, получателей 0. Граница depth=4: удержание неизвестно."
100000003647799100,terminal,0.66621300,10,0.34458200,"Вход 100,000 KZT от 1 плательщиков; исходящих связей нет. Не seed/граница; конечный только в выборке."
100000003650146100,terminal,0.66621300,16,0.26776900,"Вход 14,400 KZT от 1 плательщиков; исходящих связей нет. Не seed/граница; конечный только в выборке."
100000003664994100,peripheral,0.00000000,63,0.39428700,"Недостаточно наблюдений для роли; плательщиков 1, получателей 0. Граница depth=4: удержание неизвестно."
100000003671721100,terminal,0.66621300,18,0.26642700,"Вход 5,000 KZT от 1 плательщиков; исходящих связей нет. Не seed/граница; конечный только в выборке."
100000003677936100,peripheral,0.00000000,1,0.36977700,"Порогов конкретных ролей не достиг: плательщиков 1, получателей 1, выход/вход 18%."
100000003684369100,coordinator,0.69386500,2,0.98687600,Seed-предков 6≥2; входящих 24≥3; исходящих 62≥2; ранг посредничества 97.1%≥90%. Seed: вход неполный.
100000003692843100,peripheral,0.00000000,51,0.42766500,"Недостаточно наблюдений для роли; плательщиков 1, получателей 0. Граница depth=4: удержание неизвестно."
100000003696422100,peripheral,0.00000000,36,0.40119600,"Недостаточно наблюдений для роли; плательщиков 1, получателей 0. Граница depth=4: удержание неизвестно."
100000003701161100,peripheral,0.00000000,29,0.88690400,"Порогов конкретных ролей не достиг: плательщиков 4, получателей 3, выход/вход 23%."
100000003711830100,terminal,0.66621300,8,0.24345700,"Вход 50,000 KZT от 1 плательщиков; исходящих связей нет. Не seed/граница; конечный только в выборке."
100000003713616100,terminal,0.66621300,16,0.20747300,"Вход 15,893 KZT от 1 плательщиков; исходящих связей нет. Не seed/граница; конечный только в выборке."
100000003718221100,peripheral,0.00000000,29,0.76760000,"Порогов конкретных ролей не достиг: плательщиков 2, получателей 4, выход/вход 121%."
100000003718715100,peripheral,0.00000000,12,0.45346200,"Недостаточно наблюдений для роли; плательщиков 1, получателей 0. Граница depth=4: удержание неизвестно."
100000003724440100,terminal,0.85520600,2,0.45006800,"Вход 50,000 KZT от 2 плательщиков; исходящих связей нет. Не seed/граница; конечный только в выборке."
100000003736419100,peripheral,0.00000000,0,0.33895200,"Порогов конкретных ролей не достиг: плательщиков 1, получателей 1, выход/вход 43%."
100000003739818100,terminal,0.66621300,2,0.38768800,"Вход 57,293 KZT от 1 плательщиков; исходящих связей нет. Не seed/граница; конечный только в выборке."
100000003741418100,peripheral,0.00000000,10,0.77397600,"Порогов конкретных ролей не достиг: плательщиков 9, получателей 3, выход/вход 26%."
100000003747133100,transit,0.71968800,54,0.75242800,"Объёмный транзит: выход/вход 105% в [80%; 120%]; плательщиков 5, получателей 2. Не seed/граница."
100000003760160100,terminal,0.66621300,10,0.34929200,"Вход 104,470 KZT от 1 плательщиков; исходящих связей нет. Не seed/граница; конечный только в выборке."
100000003770083100,peripheral,0.00000000,64,0.00000000,"Недостаточно наблюдений для роли; плательщиков 0, получателей 0. Нет рёбер: недостаточно наблюдений."
100000003781406100,terminal,0.78853900,7,0.43084700,"Вход 45,000 KZT от 1 плательщиков; исходящих связей нет. Не seed/граница; конечный только в выборке."
100000003782913100,peripheral,0.00000000,40,0.31147000,"Недостаточно наблюдений для роли; плательщиков 1, получателей 0. Граница depth=4: удержание неизвестно."
100000003786516100,peripheral,0.00000000,0,0.25525900,"Недостаточно наблюдений для роли; плательщиков 1, получателей 0. Граница depth=4: удержание неизвестно."
100000003792647100,peripheral,0.00000000,10,0.35306100,"Недостаточно наблюдений для роли; плательщиков 1, получателей 0. Граница depth=4: удержание неизвестно."
100000003795588100,terminal,0.78853900,0,0.37073400,"Вход 400,000 KZT от 1 плательщиков; исходящих связей нет. Не seed/граница; конечный только в выборке."
100000003796063100,distributor,0.81433700,10,0.74413000,"Получателей 15≥10; исходящих переводов 23≥10; выход 959,150 KZT."
100000003798151100,terminal,0.82104100,16,0.43170300,"Вход 350,000 KZT от 1 плательщиков; исходящих связей нет. Не seed/граница; конечный только в выборке."
100000003809101100,peripheral,0.00000000,11,0.76088500,"Порогов конкретных ролей не достиг: плательщиков 2, получателей 2, выход/вход 33%."
100000003814002100,terminal,0.66621300,10,0.27271100,"Вход 30,000 KZT от 1 плательщиков; исходящих связей нет. Не seed/граница; конечный только в выборке."
100000003819173100,peripheral,0.00000000,8,0.28571800,"Недостаточно наблюдений для роли; плательщиков 1, получателей 0. Граница depth=4: удержание неизвестно."
100000003823811100,peripheral,0.00000000,47,0.65904300,"Порогов конкретных ролей не достиг: плательщиков 1, получателей 3, выход/вход 220%."
100000003824464100,terminal,0.66621300,29,0.34893100,"Вход 200,000 KZT от 1 плательщиков; исходящих связей нет. Не seed/граница; конечный только в выборке."
100000003831201100,terminal,0.82104100,0,0.40733900,"Вход 40,500 KZT от 1 плательщиков; исходящих связей нет. Не seed/граница; конечный только в выборке."
100000003831324100,terminal,0.85520600,1,0.51104400,"Вход 300,000 KZT от 2 плательщиков; исходящих связей нет. Не seed/граница; конечный только в выборке."
100000003832231100,terminal,0.66621300,2,0.34417100,"Вход 35,000 KZT от 1 плательщиков; исходящих связей нет. Не seed/граница; конечный только в выборке."
100000003834495100,consolidator,0.68424600,0,0.63384100,"Плательщиков 3≥3; вход 602,441 KZT; выход/вход 3%≤20%. Не seed/граница."
100000003835149100,peripheral,0.00000000,21,0.52903900,"Порогов конкретных ролей не достиг: плательщиков 1, получателей 2, выход/вход 1851%."
100000003838587100,peripheral,0.00000000,40,0.26961200,"Недостаточно наблюдений для роли; плательщиков 1, получателей 0. Граница depth=4: удержание неизвестно."
100000003843844100,peripheral,0.00000000,12,0.47785500,"Порогов конкретных ролей не достиг: плательщиков 1, получателей 1, выход/вход 1427%."
100000003854444100,distributor,0.78386900,43,0.71994800,"Получателей 14≥10; исходящих переводов 14≥10; выход 2,322,909 KZT."
100000003865939100,terminal,0.66621300,65,0.36041600,"Вход 81,465 KZT от 1 плательщиков; исходящих связей нет. Не seed/граница; конечный только в выборке."
100000003873332100,peripheral,0.00000000,43,0.54827500,"Порогов конкретных ролей не достиг: плательщиков 1, получателей 4, выход/вход 1219%."
100000003877908100,terminal,0.66621300,2,0.35372600,"Вход 40,000 KZT от 1 плательщиков; исходящих связей нет. Не seed/граница; конечный только в выборке."
100000003880331100,distributor,0.86591500,8,0.65906400,"Получателей 16≥10; исходящих переводов 31≥10; выход 3,904,908 KZT."
100000003886323100,peripheral,0.00000000,16,0.59689100,"Порогов конкретных ролей не достиг: плательщиков 2, получателей 1, выход/вход 10%."
100000003888197100,terminal,0.66621300,10,0.33027000,"Вход 83,167 KZT от 1 плательщиков; исходящих связей нет. Не seed/граница; конечный только в выборке."
100000003888271100,peripheral,0.00000000,23,0.25297500,"Порогов конкретных ролей не достиг: плательщиков 1, получателей 2, выход/вход 210%."
100000003888527100,terminal,0.66621300,63,0.28845500,"Вход 30,000 KZT от 1 плательщиков; исходящих связей нет. Не seed/граница; конечный только в выборке."
100000003896956100,peripheral,0.00000000,16,0.32634500,"Порогов конкретных ролей не достиг: плательщиков 1, получателей 1, выход/вход 270%."
100000003899325100,terminal,0.66621300,8,0.24821300,"Вход 50,120 KZT от 1 плательщиков; исходящих связей нет. Не seed/граница; конечный только в выборке."
100000003899899100,peripheral,0.00000000,16,0.63575100,"Порогов конкретных ролей не достиг: плательщиков 2, получателей 1, выход/вход 5%."
100000003900547100,terminal,0.66621300,16,0.23259700,"Вход 23,700 KZT от 1 плательщиков; исходящих связей нет. Не seed/граница; конечный только в выборке."
100000003904497100,peripheral,0.00000000,4,0.30312200,"Недостаточно наблюдений для роли; плательщиков 1, получателей 0. Граница depth=4: удержание неизвестно."
100000003917461100,peripheral,0.00000000,7,0.58000400,"Порогов конкретных ролей не достиг: плательщиков 1, получателей 2, выход/вход 1400%."
100000003920950100,terminal,0.66621300,1,0.39374900,"Вход 323,290 KZT от 1 плательщиков; исходящих связей нет. Не seed/граница; конечный только в выборке."
100000003922499100,terminal,0.66621300,7,0.34525200,"Вход 50,000 KZT от 1 плательщиков; исходящих связей нет. Не seed/граница; конечный только в выборке."
100000003923946100,peripheral,0.00000000,1,0.59356200,"Порогов конкретных ролей не достиг: плательщиков 1, получателей 4, выход/вход 239%."
100000003927792100,terminal,0.66621300,3,0.25687400,"Вход 13,067 KZT от 1 плательщиков; исходящих связей нет. Не seed/граница; конечный только в выборке."
100000003934614100,peripheral,0.00000000,59,0.29399400,"Порогов конкретных ролей не достиг: плательщиков 2, получателей 1, выход/вход 68%."
100000003942602100,transit,0.66666700,22,0.22408900,"Объёмный транзит: выход/вход 100% в [80%; 120%]; плательщиков 1, получателей 1. Не seed/граница."
100000003943247100,terminal,0.66621300,0,0.25601500,"Вход 40,000 KZT от 1 плательщиков; исходящих связей нет. Не seed/граница; конечный только в выборке."
100000003943483100,terminal,0.66621300,7,0.29585400,"Вход 10,000 KZT от 1 плательщиков; исходящих связей нет. Не seed/граница; конечный только в выборке."
100000003946524100,transit,0.66211200,2,0.72576600,"Объёмный транзит: выход/вход 108% в [80%; 120%]; плательщиков 2, получателей 2. Не seed/граница."
100000003950749100,peripheral,0.00000000,16,0.23681800,"Недостаточно наблюдений для роли; плательщиков 1, получателей 0. Граница depth=4: удержание неизвестно."
100000003951827100,peripheral,0.00000000,0,0.27975800,"Порогов конкретных ролей не достиг: плательщиков 1, получателей 2, выход/вход 189%."
100000003962994100,terminal,0.66621300,19,0.26050500,"Вход 10,000 KZT от 1 плательщиков; исходящих связей нет. Не seed/граница; конечный только в выборке."
100000003964910100,terminal,0.85520600,28,0.48179100,"Вход 1,000,000 KZT от 2 плательщиков; исходящих связей нет. Не seed/граница; конечный только в выборке."
100000003968044100,peripheral,0.00000000,8,0.60027600,"Порогов конкретных ролей не достиг: плательщиков 1, получателей 3, выход/вход 778%."
100000003970394100,terminal,0.66621300,7,0.27818100,"Вход 85,000 KZT от 1 плательщиков; исходящих связей нет. Не seed/граница; конечный только в выборке."
100000003971049100,terminal,0.85129900,0,0.31873400,"Вход 55,900 KZT от 1 плательщиков; исходящих связей нет. Не seed/граница; конечный только в выборке."
100000003975102100,peripheral,0.00000000,16,0.42305500,"Недостаточно наблюдений для роли; плательщиков 1, получателей 2. Seed: вход неполный."
100000003977183100,peripheral,0.00000000,1,0.54205700,"Недостаточно наблюдений для роли; плательщиков 2, получателей 4. Seed: вход неполный."
100000003980083100,terminal,0.66621300,58,0.31501400,"Вход 30,000 KZT от 1 плательщиков; исходящих связей нет. Не seed/граница; конечный только в выборке."
100000003985389100,peripheral,0.00000000,8,0.52641200,"Недостаточно наблюдений для роли; плательщиков 1, получателей 0. Граница depth=4: удержание неизвестно."
100000003986141100,terminal,0.66621300,28,0.10402300,"Вход 5,286 KZT от 1 плательщиков; исходящих связей нет. Не seed/граница; конечный только в выборке."
100000003988112100,peripheral,0.00000000,47,0.49578300,"Порогов конкретных ролей не достиг: плательщиков 1, получателей 1, выход/вход 70%."
100000003989033100,peripheral,0.00000000,18,0.43565100,"Недостаточно наблюдений для роли; плательщиков 1, получателей 0. Граница depth=4: удержание неизвестно."
100000003996562100,terminal,0.66621300,0,0.21595600,"Вход 7,700 KZT от 1 плательщиков; исходящих связей нет. Не seed/граница; конечный только в выборке."
100000004004621100,consolidator,0.71958300,12,0.47520600,"Плательщиков 3≥3; вход 75,389 KZT; выход/вход 0%≤20%. Не seed/граница."
100000004005964100,peripheral,0.00000000,34,0.48540800,"Порогов конкретных ролей не достиг: плательщиков 3, получателей 3, выход/вход 74%."
100000004006327100,peripheral,0.00000000,42,0.42434600,"Недостаточно наблюдений для роли; плательщиков 1, получателей 0. Граница depth=4: удержание неизвестно."
100000004007116100,peripheral,0.00000000,34,0.54034200,"Недостаточно наблюдений для роли; плательщиков 3, получателей 4. Seed: вход неполный."
100000004007197100,terminal,0.66621300,34,0.12376200,"Вход 10,048 KZT от 1 плательщиков; исходящих связей нет. Не seed/граница; конечный только в выборке."
100000004013952100,peripheral,0.00000000,0,0.26014600,"Недостаточно наблюдений для роли; плательщиков 1, получателей 0. Граница depth=4: удержание неизвестно."
100000004015047100,consolidator,0.88557600,1,0.80302100,"Плательщиков 9≥3; вход 919,104 KZT; выход/вход 8%≤20%. Не seed/граница."
100000004017410100,peripheral,0.00000000,59,0.72341900,"Порогов конкретных ролей не достиг: плательщиков 2, получателей 5, выход/вход 687%."
100000004019056100,peripheral,0.00000000,12,0.42205400,"Недостаточно наблюдений для роли; плательщиков 1, получателей 0. Граница depth=4: удержание неизвестно."
100000004019124100,peripheral,0.00000000,16,0.62401200,"Недостаточно наблюдений для роли; плательщиков 3, получателей 0. Seed: вход неполный."
100000004021459100,peripheral,0.00000000,66,0.00000000,"Недостаточно наблюдений для роли; плательщиков 0, получателей 0. Нет рёбер: недостаточно наблюдений."
100000004030553100,peripheral,0.00000000,8,0.35642300,"Недостаточно наблюдений для роли; плательщиков 1, получателей 0. Граница depth=4: удержание неизвестно."
100000004035925100,peripheral,0.00000000,67,0.43116500,"Недостаточно наблюдений для роли; плательщиков 1, получателей 0. Граница depth=4: удержание неизвестно."
100000004041163100,peripheral,0.00000000,47,0.77487200,"Недостаточно наблюдений для роли; плательщиков 1, получателей 2. Seed: вход неполный."
100000004041294100,peripheral,0.00000000,13,0.20675900,"Недостаточно наблюдений для роли; плательщиков 1, получателей 0. Граница depth=4: удержание неизвестно."
100000004047887100,peripheral,0.00000000,30,0.28123500,"Недостаточно наблюдений для роли; плательщиков 1, получателей 0. Граница depth=4: удержание неизвестно."
100000004049912100,peripheral,0.00000000,43,0.21941100,"Недостаточно наблюдений для роли; плательщиков 1, получателей 0. Граница depth=4: удержание неизвестно."
100000004058740100,terminal,0.66621300,22,0.20110600,"Вход 30,000 KZT от 1 плательщиков; исходящих связей нет. Не seed/граница; конечный только в выборке."
100000004064431100,peripheral,0.00000000,34,0.22781100,"Порогов конкретных ролей не достиг: плательщиков 1, получателей 1, выход/вход 38%."
100000004066370100,peripheral,0.00000000,26,0.36925400,"Недостаточно наблюдений для роли; плательщиков 1, получателей 0. Граница depth=4: удержание неизвестно."
100000004066647100,terminal,0.66621300,43,0.24027200,"Вход 51,000 KZT от 1 плательщиков; исходящих связей нет. Не seed/граница; конечный только в выборке."
100000004070318100,coordinator,0.74856700,0,0.79124300,Seed-предков 2≥2; входящих 4≥3; исходящих 19≥2; ранг посредничества 96.7%≥90%.
100000004070530100,peripheral,0.00000000,30,0.25355400,"Недостаточно наблюдений для роли; плательщиков 1, получателей 0. Граница depth=4: удержание неизвестно."
100000004071070100,peripheral,0.00000000,0,0.50517400,"Порогов конкретных ролей не достиг: плательщиков 2, получателей 1, выход/вход 15%."
100000004071080100,consolidator,0.70576600,0,0.72992800,"Плательщиков 9≥3; вход 238,600 KZT; выход/вход 19%≤20%. Не seed/граница."
100000004071444100,peripheral,0.00000000,0,0.41594100,"Порогов конкретных ролей не достиг: плательщиков 1, получателей 1, выход/вход 40%."
100000004076740100,peripheral,0.00000000,59,0.72313000,"Порогов конкретных ролей не достиг: плательщиков 3, получателей 6, выход/вход 134%."
100000004077081100,peripheral,0.00000000,2,0.64824200,"Порогов конкретных ролей не достиг: плательщиков 1, получателей 4, выход/вход 439%."
100000004094958100,transit,0.62393200,68,0.33180300,"Объёмный транзит: выход/вход 103% в [80%; 120%]; плательщиков 1, получателей 1. Не seed/граница."
100000004096559100,terminal,0.66621300,1,0.36535000,"Вход 46,200 KZT от 1 плательщиков; исходящих связей нет. Не seed/граница; конечный только в выборке."
100000004097972100,peripheral,0.00000000,0,0.56119300,"Порогов конкретных ролей не достиг: плательщиков 1, получателей 2, выход/вход 8%."
100000004099450100,terminal,0.66621300,0,0.22286500,"Вход 31,000 KZT от 1 плательщиков; исходящих связей нет. Не seed/граница; конечный только в выборке."
100000004105288100,terminal,0.85520600,2,0.58143900,"Вход 215,000 KZT от 2 плательщиков; исходящих связей нет. Не seed/граница; конечный только в выборке."
100000004107228100,peripheral,0.00000000,2,0.18997700,"Недостаточно наблюдений для роли; плательщиков 1, получателей 0. Граница depth=4: удержание неизвестно."
100000004114962100,terminal,0.85520600,10,0.56878300,"Вход 165,000 KZT от 2 плательщиков; исходящих связей нет. Не seed/граница; конечный только в выборке."
100000004130144100,terminal,0.66621300,1,0.30487500,"Вход 200,000 KZT от 1 плательщиков; исходящих связей нет. Не seed/граница; конечный только в выборке."
100000004134060100,terminal,0.66621300,35,0.45049600,"Вход 88,179 KZT от 1 плательщиков; исходящих связей нет. Не seed/граница; конечный только в выборке."
100000004135268100,transit,0.51816000,55,0.61464900,"Объёмный транзит: выход/вход 81% в [80%; 120%]; плательщиков 2, получателей 3. Не seed/граница."
100000004140487100,distributor,0.63134000,2,0.54336500,"Получателей 10≥10; исходящих переводов 19≥10; выход 262,600 KZT."
100000004140994100,terminal,0.66621300,22,0.15014200,"Вход 18,650 KZT от 1 плательщиков; исходящих связей нет. Не seed/граница; конечный только в выборке."
100000004144536100,consolidator,0.82045900,34,0.47872400,"Плательщиков 4≥3; вход 168,000 KZT; выход/вход 0%≤20%. Не seed/граница."
100000004150593100,distributor,0.68345800,16,0.73775700,"Получателей 11≥10; исходящих переводов 16≥10; выход 871,165 KZT."
100000004156082100,coordinator,0.95640000,3,0.95669100,Seed-предков 4≥2; входящих 5≥3; исходящих 26≥2; ранг посредничества 96.6%≥90%.
100000004158362100,terminal,0.66621300,0,0.22977000,"Вход 12,000 KZT от 1 плательщиков; исходящих связей нет. Не seed/граница; конечный только в выборке."
100000004159526100,peripheral,0.00000000,40,0.83136400,"Порогов конкретных ролей не достиг: плательщиков 4, получателей 4, выход/вход 25%."
100000004160650100,distributor,0.67964700,34,0.59225500,"Получателей 10≥10; исходящих переводов 40≥10; выход 1,489,827 KZT."
100000004167082100,peripheral,0.00000000,12,0.32654000,"Недостаточно наблюдений для роли; плательщиков 1, получателей 0. Граница depth=4: удержание неизвестно."
100000004174835100,peripheral,0.00000000,69,0.00000000,"Недостаточно наблюдений для роли; плательщиков 0, получателей 0. Нет рёбер: недостаточно наблюдений."
100000004177936100,peripheral,0.00000000,8,0.22649900,"Недостаточно наблюдений для роли; плательщиков 1, получателей 0. Граница depth=4: удержание неизвестно."
100000004180097100,peripheral,0.00000000,0,0.70173200,"Порогов конкретных ролей не достиг: плательщиков 3, получателей 3, выход/вход 46%."
100000004183610100,peripheral,0.00000000,12,0.57353900,"Порогов конкретных ролей не достиг: плательщиков 1, получателей 1, выход/вход 4159%."
100000004184158100,terminal,0.66621300,0,0.32412100,"Вход 203,805 KZT от 1 плательщиков; исходящих связей нет. Не seed/граница; конечный только в выборке."
100000004185681100,terminal,0.66621300,2,0.27199000,"Вход 10,000 KZT от 1 плательщиков; исходящих связей нет. Не seed/граница; конечный только в выборке."
100000004186824100,peripheral,0.00000000,16,0.57298600,"Порогов конкретных ролей не достиг: плательщиков 2, получателей 1, выход/вход 2%."
100000004188160100,peripheral,0.00000000,16,0.72106800,"Порогов конкретных ролей не достиг: плательщиков 2, получателей 5, выход/вход 152%."
100000004192107100,terminal,0.66621300,2,0.29284800,"Вход 25,000 KZT от 1 плательщиков; исходящих связей нет. Не seed/граница; конечный только в выборке."
100000004192865100,terminal,0.66621300,27,0.36615800,"Вход 66,666 KZT от 1 плательщиков; исходящих связей нет. Не seed/граница; конечный только в выборке."
100000004193835100,peripheral,0.00000000,16,0.49977300,"Недостаточно наблюдений для роли; плательщиков 1, получателей 1. Seed: вход неполный."
100000004200745100,peripheral,0.00000000,7,0.47212100,"Недостаточно наблюдений для роли; плательщиков 1, получателей 0. Граница depth=4: удержание неизвестно."
100000004206046100,terminal,0.66621300,16,0.19311700,"Вход 11,075 KZT от 1 плательщиков; исходящих связей нет. Не seed/граница; конечный только в выборке."
100000004209339100,peripheral,0.00000000,11,0.70689600,"Порогов конкретных ролей не достиг: плательщиков 1, получателей 2, выход/вход 172%."
100000004213658100,terminal,0.66621300,22,0.18701900,"Вход 25,347 KZT от 1 плательщиков; исходящих связей нет. Не seed/граница; конечный только в выборке."
100000004217419100,peripheral,0.00000000,8,0.60833900,"Порогов конкретных ролей не достиг: плательщиков 2, получателей 1, выход/вход 7%."
100000004218576100,terminal,0.66621300,22,0.18917300,"Вход 26,144 KZT от 1 плательщиков; исходящих связей нет. Не seed/граница; конечный только в выборке."
100000004221668100,peripheral,0.00000000,46,0.64712100,"Порогов конкретных ролей не достиг: плательщиков 4, получателей 3, выход/вход 65%."
100000004222274100,peripheral,0.00000000,0,0.28980100,"Недостаточно наблюдений для роли; плательщиков 1, получателей 0. Граница depth=4: удержание неизвестно."
100000004225615100,terminal,0.78853900,4,0.26176100,"Вход 90,000 KZT от 1 плательщиков; исходящих связей нет. Не seed/граница; конечный только в выборке."
100000004226848100,terminal,0.66621300,2,0.50926700,"Вход 301,866 KZT от 1 плательщиков; исходящих связей нет. Не seed/граница; конечный только в выборке."
100000004232712100,peripheral,0.00000000,10,0.38320900,"Недостаточно наблюдений для роли; плательщиков 1, получателей 0. Граница depth=4: удержание неизвестно."
100000004235471100,peripheral,0.00000000,10,0.46795500,"Недостаточно наблюдений для роли; плательщиков 1, получателей 0. Граница depth=4: удержание неизвестно."
100000004241142100,peripheral,0.00000000,0,0.38593900,"Недостаточно наблюдений для роли; плательщиков 1, получателей 0. Граница depth=4: удержание неизвестно."
100000004254434100,terminal,0.78853900,22,0.23143400,"Вход 44,445 KZT от 1 плательщиков; исходящих связей нет. Не seed/граница; конечный только в выборке."
100000004257714100,terminal,0.66621300,22,0.23915000,"Вход 52,220 KZT от 1 плательщиков; исходящих связей нет. Не seed/граница; конечный только в выборке."
100000004260869100,peripheral,0.00000000,16,0.29505000,"Недостаточно наблюдений для роли; плательщиков 1, получателей 0. Граница depth=4: удержание неизвестно."
100000004261340100,peripheral,0.00000000,0,0.37615900,"Недостаточно наблюдений для роли; плательщиков 1, получателей 0. Граница depth=4: удержание неизвестно."
100000004263867100,peripheral,0.00000000,18,0.13906100,"Недостаточно наблюдений для роли; плательщиков 1, получателей 0. Граница depth=4: удержание неизвестно."
100000004265639100,peripheral,0.00000000,8,0.27836100,"Недостаточно наблюдений для роли; плательщиков 1, получателей 0. Граница depth=4: удержание неизвестно."
100000004268036100,peripheral,0.00000000,18,0.11721200,"Недостаточно наблюдений для роли; плательщиков 1, получателей 0. Граница depth=4: удержание неизвестно."
100000004269433100,peripheral,0.00000000,70,0.21513200,"Недостаточно наблюдений для роли; плательщиков 0, получателей 1. Seed: вход неполный."
100000004272302100,peripheral,0.00000000,54,0.12098100,"Недостаточно наблюдений для роли; плательщиков 1, получателей 0. Граница depth=4: удержание неизвестно."
100000004278574100,peripheral,0.00000000,10,0.34124600,"Порогов конкретных ролей не достиг: плательщиков 1, получателей 1, выход/вход 50%."
100000004285800100,peripheral,0.00000000,0,0.39730100,"Порогов конкретных ролей не достиг: плательщиков 1, получателей 1, выход/вход 300%."
100000004286573100,terminal,0.66621300,7,0.14368200,"Вход 16,590 KZT от 1 плательщиков; исходящих связей нет. Не seed/граница; конечный только в выборке."
100000004291560100,terminal,0.66621300,0,0.26727600,"Вход 47,190 KZT от 1 плательщиков; исходящих связей нет. Не seed/граница; конечный только в выборке."
100000004291663100,peripheral,0.00000000,0,0.31599700,"Недостаточно наблюдений для роли; плательщиков 1, получателей 0. Граница depth=4: удержание неизвестно."
100000004292885100,terminal,0.66621300,22,0.30070300,"Вход 112,700 KZT от 1 плательщиков; исходящих связей нет. Не seed/граница; конечный только в выборке."
100000004299488100,consolidator,0.70303000,0,0.79340800,"Плательщиков 6≥3; вход 1,749,000 KZT; выход/вход 20%≤20%. Не seed/граница."
100000004315838100,peripheral,0.00000000,2,0.53136900,"Порогов конкретных ролей не достиг: плательщиков 2, получателей 1, выход/вход 36%."
100000004318918100,terminal,0.66621300,11,0.40715100,"Вход 75,600 KZT от 1 плательщиков; исходящих связей нет. Не seed/граница; конечный только в выборке."
100000004321983100,peripheral,0.00000000,46,0.35651200,"Порогов конкретных ролей не достиг: плательщиков 1, получателей 2, выход/вход 334%."
100000004325327100,transit,0.64743900,0,0.51101600,"Объёмный транзит: выход/вход 99% в [80%; 120%]; плательщиков 2, получателей 1. Не seed/граница."
100000004326224100,peripheral,0.00000000,10,0.46477000,"Недостаточно наблюдений для роли; плательщиков 1, получателей 0. Граница depth=4: удержание неизвестно."
100000004330371100,peripheral,0.00000000,16,0.79346900,"Порогов конкретных ролей не достиг: плательщиков 2, получателей 2, выход/вход 34%."
100000004331458100,terminal,0.85520600,68,0.48520100,"Вход 250,000 KZT от 2 плательщиков; исходящих связей нет. Не seed/граница; конечный только в выборке."
100000004336228100,terminal,0.78853900,8,0.24740500,"Вход 51,407 KZT от 1 плательщиков; исходящих связей нет. Не seed/граница; конечный только в выборке."
100000004336312100,transit,0.50879300,59,0.60313400,"Объёмный транзит: выход/вход 80% в [80%; 120%]; плательщиков 3, получателей 2. Не seed/граница."
100000004340038100,peripheral,0.00000000,12,0.39602400,"Порогов конкретных ролей не достиг: плательщиков 1, получателей 1, выход/вход 491%."
100000004350094100,peripheral,0.00000000,43,0.32349300,"Недостаточно наблюдений для роли; плательщиков 1, получателей 0. Граница depth=4: удержание неизвестно."
100000004351795100,coordinator,0.80423600,0,0.83736300,Seed-предков 3≥2; входящих 3≥3; исходящих 14≥2; ранг посредничества 97.2%≥90%.
100000004356593100,peripheral,0.00000000,2,0.38825700,"Порогов конкретных ролей не достиг: плательщиков 1, получателей 1, выход/вход 20%."
100000004358004100,distributor,0.48091700,2,0.27998000,"Получателей 11≥10; исходящих переводов 17≥10; выход 980,850 KZT. Seed: вход неполный."
100000004360785100,terminal,0.66621300,16,0.34493400,"Вход 94,705 KZT от 1 плательщиков; исходящих связей нет. Не seed/граница; конечный только в выборке."
100000004368189100,peripheral,0.00000000,24,0.50667500,"Порогов конкретных ролей не достиг: плательщиков 1, получателей 2, выход/вход 7%."
100000004377043100,peripheral,0.00000000,15,0.22811400,"Недостаточно наблюдений для роли; плательщиков 1, получателей 0. Граница depth=4: удержание неизвестно."
100000004379306100,peripheral,0.00000000,8,0.28204000,"Недостаточно наблюдений для роли; плательщиков 1, получателей 0. Граница depth=4: удержание неизвестно."
100000004386258100,peripheral,0.00000000,7,0.74437500,"Порогов конкретных ролей не достиг: плательщиков 3, получателей 3, выход/вход 65%."
100000004386286100,peripheral,0.00000000,7,0.36476400,"Недостаточно наблюдений для роли; плательщиков 1, получателей 0. Граница depth=4: удержание неизвестно."
100000004386331100,transit,0.45833300,7,0.50598000,"Объёмный транзит: выход/вход 88% в [80%; 120%]; плательщиков 1, получателей 2. Не seed/граница."
100000004388209100,terminal,0.66621300,22,0.12771000,"Вход 11,800 KZT от 1 плательщиков; исходящих связей нет. Не seed/граница; конечный только в выборке."
100000004388353100,terminal,0.85520600,11,0.50308300,"Вход 62,960 KZT от 2 плательщиков; исходящих связей нет. Не seed/граница; конечный только в выборке."
100000004388983100,peripheral,0.00000000,71,0.22890000,"Недостаточно наблюдений для роли; плательщиков 0, получателей 2. Seed: вход неполный."
100000004390333100,peripheral,0.00000000,0,0.70137400,"Порогов конкретных ролей не достиг: плательщиков 2, получателей 9, выход/вход 785%."
100000004394765100,consolidator,0.53966900,16,0.76408200,"Плательщиков 3≥3; вход 603,844 KZT; выход/вход 14%≤20%. Не seed/граница."
100000004398811100,peripheral,0.00000000,2,0.50082000,"Порогов конкретных ролей не достиг: плательщиков 1, получателей 3, выход/вход 244%."
100000004399686100,terminal,0.78853900,21,0.45090500,"Вход 806,000 KZT от 1 плательщиков; исходящих связей нет. Не seed/граница; конечный только в выборке."
100000004400305100,coordinator,0.81924000,0,0.85755400,Seed-предков 2≥2; входящих 7≥3; исходящих 82≥2; ранг посредничества 98.1%≥90%.
100000004400361100,terminal,0.66621300,16,0.24959900,"Вход 10,000 KZT от 1 плательщиков; исходящих связей нет. Не seed/граница; конечный только в выборке."
100000004400480100,peripheral,0.00000000,24,0.29164000,"Недостаточно наблюдений для роли; плательщиков 1, получателей 0. Граница depth=4: удержание неизвестно."
100000004403548100,peripheral,0.00000000,8,0.22658900,"Недостаточно наблюдений для роли; плательщиков 1, получателей 0. Граница depth=4: удержание неизвестно."
100000004403641100,peripheral,0.00000000,24,0.30967500,"Недостаточно наблюдений для роли; плательщиков 1, получателей 0. Граница depth=4: удержание неизвестно."
100000004403675100,coordinator,0.84057500,47,0.87785900,Seed-предков 3≥2; входящих 4≥3; исходящих 5≥2; ранг посредничества 98.2%≥90%.
100000004407753100,peripheral,0.00000000,15,0.45715300,"Порогов конкретных ролей не достиг: плательщиков 1, получателей 1, выход/вход 40%."
100000004408683100,terminal,0.88770800,16,0.47357700,"Вход 112,920 KZT от 2 плательщиков; исходящих связей нет. Не seed/граница; конечный только в выборке."
100000004410489100,terminal,0.66621300,2,0.36162300,"Вход 54,000 KZT от 1 плательщиков; исходящих связей нет. Не seed/граница; конечный только в выборке."
100000004417753100,terminal,0.85520600,2,0.49439400,"Вход 192,099 KZT от 2 плательщиков; исходящих связей нет. Не seed/граница; конечный только в выборке."
100000004418967100,peripheral,0.00000000,42,0.36135800,"Недостаточно наблюдений для роли; плательщиков 1, получателей 0. Граница depth=4: удержание неизвестно."
100000004420041100,peripheral,0.00000000,7,0.59790600,"Порогов конкретных ролей не достиг: плательщиков 1, получателей 7, выход/вход 936%."
100000004424023100,peripheral,0.00000000,1,0.65272600,"Порогов конкретных ролей не достиг: плательщиков 1, получателей 1, выход/вход 200%."
100000004433250100,peripheral,0.00000000,0,0.26489800,"Недостаточно наблюдений для роли; плательщиков 1, получателей 0. Граница depth=4: удержание неизвестно."
100000004435304100,terminal,0.66621300,22,0.20797000,"Вход 26,200 KZT от 1 плательщиков; исходящих связей нет. Не seed/граница; конечный только в выборке."
100000004441291100,terminal,0.66621300,2,0.43560200,"Вход 20,000 KZT от 1 плательщиков; исходящих связей нет. Не seed/граница; конечный только в выборке."
100000004445291100,terminal,0.78853900,13,0.23874700,"Вход 19,500 KZT от 1 плательщиков; исходящих связей нет. Не seed/граница; конечный только в выборке."
100000004449824100,peripheral,0.00000000,18,0.13906100,"Недостаточно наблюдений для роли; плательщиков 1, получателей 0. Граница depth=4: удержание неизвестно."
100000004450649100,peripheral,0.00000000,10,0.67802200,"Порогов конкретных ролей не достиг: плательщиков 2, получателей 2, выход/вход 24%."
100000004451012100,peripheral,0.00000000,43,0.48631200,"Порогов конкретных ролей не достиг: плательщиков 1, получателей 3, выход/вход 72%."
100000004456564100,terminal,0.78853900,40,0.35651500,"Вход 10,000 KZT от 1 плательщиков; исходящих связей нет. Не seed/граница; конечный только в выборке."
100000004463277100,terminal,0.66621300,27,0.34592500,"Вход 35,000 KZT от 1 плательщиков; исходящих связей нет. Не seed/граница; конечный только в выборке."
100000004467157100,peripheral,0.00000000,59,0.29416500,"Порогов конкретных ролей не достиг: плательщиков 1, получателей 1, выход/вход 35%."
100000004472936100,peripheral,0.00000000,12,0.32977000,"Недостаточно наблюдений для роли; плательщиков 1, получателей 0. Граница depth=4: удержание неизвестно."
100000004475818100,peripheral,0.00000000,10,0.48926400,"Порогов конкретных ролей не достиг: плательщиков 1, получателей 3, выход/вход 415%."
100000004479404100,peripheral,0.00000000,49,0.76250100,"Порогов конкретных ролей не достиг: плательщиков 2, получателей 1, выход/вход 20%."
100000004480280100,peripheral,0.00000000,2,0.64712400,"Порогов конкретных ролей не достиг: плательщиков 1, получателей 2, выход/вход 202%."
100000004486525100,peripheral,0.00000000,0,0.70739300,"Порогов конкретных ролей не достиг: плательщиков 8, получателей 2, выход/вход 75%."
100000004488265100,terminal,0.66621300,8,0.21985900,"Вход 38,740 KZT от 1 плательщиков; исходящих связей нет. Не seed/граница; конечный только в выборке."
100000004491749100,terminal,0.66621300,1,0.30658000,"Вход 50,000 KZT от 1 плательщиков; исходящих связей нет. Не seed/граница; конечный только в выборке."
100000004491881100,terminal,0.66621300,22,0.15220600,"Вход 17,144 KZT от 1 плательщиков; исходящих связей нет. Не seed/граница; конечный только в выборке."
100000004493586100,terminal,0.66621300,0,0.12228200,"Вход 7,500 KZT от 1 плательщиков; исходящих связей нет. Не seed/граница; конечный только в выборке."
100000004494983100,terminal,0.66621300,22,0.21366800,"Вход 35,000 KZT от 1 плательщиков; исходящих связей нет. Не seed/граница; конечный только в выборке."
100000004497606100,terminal,0.66621300,22,0.14547600,"Вход 15,534 KZT от 1 плательщиков; исходящих связей нет. Не seed/граница; конечный только в выборке."
100000004500444100,peripheral,0.00000000,40,0.52413500,"Порогов конкретных ролей не достиг: плательщиков 2, получателей 1, выход/вход 41%."
100000004500781100,peripheral,0.00000000,40,0.38002100,"Недостаточно наблюдений для роли; плательщиков 1, получателей 0. Граница depth=4: удержание неизвестно."
100000004502048100,peripheral,0.00000000,43,0.23708700,"Недостаточно наблюдений для роли; плательщиков 1, получателей 0. Граница depth=4: удержание неизвестно."
100000004508696100,peripheral,0.00000000,19,0.54828200,"Порогов конкретных ролей не достиг: плательщиков 1, получателей 3, выход/вход 1586%."
100000004509286100,terminal,0.66621300,2,0.35372600,"Вход 40,000 KZT от 1 плательщиков; исходящих связей нет. Не seed/граница; конечный только в выборке."
100000004526651100,peripheral,0.00000000,4,0.26750000,"Недостаточно наблюдений для роли; плательщиков 1, получателей 0. Граница depth=4: удержание неизвестно."
100000004527381100,peripheral,0.00000000,3,0.58211600,"Порогов конкретных ролей не достиг: плательщиков 1, получателей 1, выход/вход 229%."
100000004539443100,terminal,0.85520600,2,0.50157200,"Вход 61,990 KZT от 2 плательщиков; исходящих связей нет. Не seed/граница; конечный только в выборке."
100000004544958100,peripheral,0.00000000,11,0.70051000,"Порогов конкретных ролей не достиг: плательщиков 1, получателей 2, выход/вход 14%."
100000004549591100,peripheral,0.00000000,19,0.32712700,"Недостаточно наблюдений для роли; плательщиков 1, получателей 0. Граница depth=4: удержание неизвестно."
100000004552204100,peripheral,0.00000000,41,0.46892700,"Порогов конкретных ролей не достиг: плательщиков 1, получателей 2, выход/вход 44%."
100000004553349100,terminal,0.66621300,10,0.17706000,"Вход 7,755 KZT от 1 плательщиков; исходящих связей нет. Не seed/граница; конечный только в выборке."
100000004559194100,terminal,0.84735600,16,0.42748200,"Вход 282,145 KZT от 1 плательщиков; исходящих связей нет. Не seed/граница; конечный только в выборке."
100000004564736100,terminal,0.78853900,29,0.32887300,"Вход 15,000 KZT от 1 плательщиков; исходящих связей нет. Не seed/граница; конечный только в выборке."
100000004569484100,peripheral,0.00000000,18,0.73093700,"Порогов конкретных ролей не достиг: плательщиков 2, получателей 4, выход/вход 159%."
100000004569637100,peripheral,0.00000000,8,0.26813200,"Недостаточно наблюдений для роли; плательщиков 1, получателей 0. Граница depth=4: удержание неизвестно."
100000004571634100,peripheral,0.00000000,11,0.26777300,"Недостаточно наблюдений для роли; плательщиков 1, получателей 0. Граница depth=4: удержание неизвестно."
100000004573782100,terminal,0.66621300,1,0.21411700,"Вход 15,000 KZT от 1 плательщиков; исходящих связей нет. Не seed/граница; конечный только в выборке."
100000004580202100,peripheral,0.00000000,29,0.56210400,"Порогов конкретных ролей не достиг: плательщиков 1, получателей 3, выход/вход 500%."
100000004580254100,terminal,0.85520600,28,0.29565400,"Вход 27,940 KZT от 2 плательщиков; исходящих связей нет. Не seed/граница; конечный только в выборке."
100000004584730100,peripheral,0.00000000,49,0.26122300,"Недостаточно наблюдений для роли; плательщиков 1, получателей 0. Граница depth=4: удержание неизвестно."
100000004586598100,peripheral,0.00000000,25,0.44242500,"Недостаточно наблюдений для роли; плательщиков 1, получателей 0. Граница depth=4: удержание неизвестно."
100000004587414100,terminal,0.85520600,10,0.52746400,"Вход 533,603 KZT от 2 плательщиков; исходящих связей нет. Не seed/граница; конечный только в выборке."
100000004588479100,terminal,0.78853900,16,0.39284800,"Вход 177,633 KZT от 1 плательщиков; исходящих связей нет. Не seed/граница; конечный только в выборке."
100000004591973100,peripheral,0.00000000,7,0.53627000,"Порогов конкретных ролей не достиг: плательщиков 1, получателей 1, выход/вход 1000%."
100000004592467100,terminal,0.66621300,2,0.10689400,"Вход 7,000 KZT от 1 плательщиков; исходящих связей нет. Не seed/граница; конечный только в выборке."
100000004596284100,peripheral,0.00000000,16,0.33251100,"Недостаточно наблюдений для роли; плательщиков 1, получателей 0. Граница depth=4: удержание неизвестно."
100000004601193100,peripheral,0.00000000,11,0.38024500,"Недостаточно наблюдений для роли; плательщиков 1, получателей 0. Граница depth=4: удержание неизвестно."
100000004603109100,consolidator,0.52206000,21,0.68525000,"Плательщиков 3≥3; вход 2,730,000 KZT; выход/вход 15%≤20%. Не seed/граница."
100000004610802100,peripheral,0.00000000,53,0.39621600,"Недостаточно наблюдений для роли; плательщиков 1, получателей 0. Граница depth=4: удержание неизвестно."
100000004611571100,terminal,0.66621300,0,0.22156000,"Вход 22,550 KZT от 1 плательщиков; исходящих связей нет. Не seed/граница; конечный только в выборке."
100000004613582100,peripheral,0.00000000,1,0.30461700,"Порогов конкретных ролей не достиг: плательщиков 1, получателей 1, выход/вход 190%."
100000004616845100,peripheral,0.00000000,44,0.15978700,"Недостаточно наблюдений для роли; плательщиков 1, получателей 0. Граница depth=4: удержание неизвестно."
100000004622227100,peripheral,0.00000000,0,0.37521000,"Порогов конкретных ролей не достиг: плательщиков 1, получателей 3, выход/вход 76%."
100000004629688100,peripheral,0.00000000,3,0.39022000,"Порогов конкретных ролей не достиг: плательщиков 1, получателей 1, выход/вход 300%."
100000004634420100,terminal,0.66621300,22,0.18006600,"Вход 26,150 KZT от 1 плательщиков; исходящих связей нет. Не seed/граница; конечный только в выборке."
100000004635886100,terminal,0.66621300,16,0.26261000,"Вход 23,000 KZT от 1 плательщиков; исходящих связей нет. Не seed/граница; конечный только в выборке."
100000004644615100,peripheral,0.00000000,18,0.46883000,"Порогов конкретных ролей не достиг: плательщиков 1, получателей 2, выход/вход 747%."
100000004652395100,peripheral,0.00000000,0,0.49553800,"Недостаточно наблюдений для роли; плательщиков 3, получателей 0. Граница depth=4: удержание неизвестно."
100000004655046100,peripheral,0.00000000,18,0.31537300,"Недостаточно наблюдений для роли; плательщиков 1, получателей 0. Граница depth=4: удержание неизвестно."
100000004657034100,terminal,0.66621300,10,0.36871800,"Вход 141,250 KZT от 1 плательщиков; исходящих связей нет. Не seed/граница; конечный только в выборке."
100000004659919100,peripheral,0.00000000,45,0.59686600,"Порогов конкретных ролей не достиг: плательщиков 1, получателей 1, выход/вход 35%."
100000004662806100,peripheral,0.00000000,7,0.59114600,"Порогов конкретных ролей не достиг: плательщиков 2, получателей 2, выход/вход 56%."
100000004664515100,terminal,0.66621300,0,0.21528300,"Вход 37,691 KZT от 1 плательщиков; исходящих связей нет. Не seed/граница; конечный только в выборке."
100000004664905100,terminal,0.90212300,16,0.51799200,"Вход 329,020 KZT от 2 плательщиков; исходящих связей нет. Не seed/граница; конечный только в выборке."
100000004666651100,terminal,0.66621300,72,0.54426000,"Вход 429,250 KZT от 1 плательщиков; исходящих связей нет. Не seed/граница; конечный только в выборке."
100000004670388100,peripheral,0.00000000,6,0.56438600,"Порогов конкретных ролей не достиг: плательщиков 1, получателей 2, выход/вход 449%."
100000004671609100,terminal,0.66621300,24,0.28805100,"Вход 100,000 KZT от 1 плательщиков; исходящих связей нет. Не seed/граница; конечный только в выборке."
100000004673335100,peripheral,0.00000000,33,0.35566000,"Недостаточно наблюдений для роли; плательщиков 1, получателей 0. Граница depth=4: удержание неизвестно."
100000004674178100,peripheral,0.00000000,13,0.21671900,"Недостаточно наблюдений для роли; плательщиков 1, получателей 0. Граница depth=4: удержание неизвестно."
100000004674389100,peripheral,0.00000000,11,0.24597000,"Недостаточно наблюдений для роли; плательщиков 1, получателей 0. Граница depth=4: удержание неизвестно."
100000004674412100,peripheral,0.00000000,11,0.32838300,"Недостаточно наблюдений для роли; плательщиков 1, получателей 0. Граница depth=4: удержание неизвестно."
100000004674799100,terminal,0.84273200,0,0.51936800,"Вход 140,000 KZT от 1 плательщиков; исходящих связей нет. Не seed/граница; конечный только в выборке."
100000004676985100,transit,0.40018600,0,0.32585200,"Объёмный транзит: выход/вход 84% в [80%; 120%]; плательщиков 1, получателей 1. Не seed/граница."
100000004677680100,peripheral,0.00000000,11,0.75330300,"Порогов конкретных ролей не достиг: плательщиков 2, получателей 1, выход/вход 267%."
100000004679953100,consolidator,0.57069100,8,0.75049400,"Плательщиков 3≥3; вход 343,538 KZT; выход/вход 10%≤20%. Не seed/граница."
100000004687099100,terminal,0.66621300,1,0.27400900,"Вход 30,000 KZT от 1 плательщиков; исходящих связей нет. Не seed/граница; конечный только в выборке."
100000004687282100,terminal,0.66621300,16,0.25063500,"Вход 20,000 KZT от 1 плательщиков; исходящих связей нет. Не seed/граница; конечный только в выборке."
100000004689658100,peripheral,0.00000000,8,0.48224900,"Порогов конкретных ролей не достиг: плательщиков 1, получателей 1, выход/вход 2%."
100000004691350100,peripheral,0.00000000,6,0.30474000,"Недостаточно наблюдений для роли; плательщиков 1, получателей 0. Граница depth=4: удержание неизвестно."
100000004692798100,peripheral,0.00000000,7,0.51212800,"Порогов конкретных ролей не достиг: плательщиков 2, получателей 1, выход/вход 6%."
100000004697956100,transit,0.66666700,1,0.28160400,"Объёмный транзит: выход/вход 100% в [80%; 120%]; плательщиков 1, получателей 1. Не seed/граница."
100000004698193100,peripheral,0.00000000,1,0.57013100,"Порогов конкретных ролей не достиг: плательщиков 2, получателей 3, выход/вход 17%."
100000004707703100,transit,0.92007900,16,0.77578300,"Объёмный транзит: выход/вход 97% в [80%; 120%]; плательщиков 2, получателей 5. Не seed/граница."
100000004713684100,terminal,0.66621300,0,0.25309900,"Вход 37,500 KZT от 1 плательщиков; исходящих связей нет. Не seed/граница; конечный только в выборке."
100000004714705100,peripheral,0.00000000,47,0.09664800,"Недостаточно наблюдений для роли; плательщиков 0, получателей 1. Seed: вход неполный."
100000004715209100,peripheral,0.00000000,48,0.49467000,"Порогов конкретных ролей не достиг: плательщиков 1, получателей 5, выход/вход 7009%."
100000004717647100,peripheral,0.00000000,49,0.70382200,"Порогов конкретных ролей не достиг: плательщиков 1, получателей 5, выход/вход 747%."
100000004722630100,peripheral,0.00000000,6,0.41070700,"Недостаточно наблюдений для роли; плательщиков 1, получателей 0. Граница depth=4: удержание неизвестно."
100000004722765100,peripheral,0.00000000,54,0.66561500,"Порогов конкретных ролей не достиг: плательщиков 1, получателей 3, выход/вход 993%."
100000004723755100,peripheral,0.00000000,2,0.14030000,"Недостаточно наблюдений для роли; плательщиков 0, получателей 1. Seed: вход неполный."
100000004726132100,peripheral,0.00000000,0,0.44106400,"Порогов конкретных ролей не достиг: плательщиков 1, получателей 1, выход/вход 7%."
100000004732589100,terminal,0.66621300,18,0.38082800,"Вход 227,520 KZT от 1 плательщиков; исходящих связей нет. Не seed/граница; конечный только в выборке."
100000004737477100,transit,0.54141300,0,0.42623100,"Объёмный транзит: выход/вход 82% в [80%; 120%]; плательщиков 2, получателей 1. Не seed/граница."
100000004737764100,terminal,0.66621300,2,0.45368600,"Вход 600,000 KZT от 1 плательщиков; исходящих связей нет. Не seed/граница; конечный только в выборке."
100000004739664100,transit,0.38888900,22,0.17450700,"Объёмный транзит: выход/вход 83% в [80%; 120%]; плательщиков 1, получателей 1. Не seed/граница."
100000004741837100,terminal,0.66621300,16,0.24085200,"Вход 25,596 KZT от 1 плательщиков; исходящих связей нет. Не seed/граница; конечный только в выборке."
100000004744306100,peripheral,0.00000000,47,0.63864600,"Порогов конкретных ролей не достиг: плательщиков 1, получателей 2, выход/вход 133%."
100000004746397100,peripheral,0.00000000,10,0.60619900,"Порогов конкретных ролей не достиг: плательщиков 1, получателей 1, выход/вход 3%."
100000004747154100,peripheral,0.00000000,48,0.31138000,"Недостаточно наблюдений для роли; плательщиков 1, получателей 0. Граница depth=4: удержание неизвестно."
100000004750321100,terminal,0.85520600,18,0.43621300,"Вход 50,185 KZT от 2 плательщиков; исходящих связей нет. Не seed/граница; конечный только в выборке."
100000004750897100,terminal,0.66621300,3,0.37154400,"Вход 10,000 KZT от 1 плательщиков; исходящих связей нет. Не seed/граница; конечный только в выборке."
100000004756901100,terminal,0.66621300,16,0.45561100,"Вход 153,248 KZT от 1 плательщиков; исходящих связей нет. Не seed/граница; конечный только в выборке."
100000004759121100,peripheral,0.00000000,0,0.83492200,"Порогов конкретных ролей не достиг: плательщиков 6, получателей 2, выход/вход 44%."
100000004765639100,peripheral,0.00000000,0,0.29748100,"Порогов конкретных ролей не достиг: плательщиков 1, получателей 2, выход/вход 220%."
100000004770073100,transit,0.66527200,0,0.19068300,"Объёмный транзит: выход/вход 100% в [80%; 120%]; плательщиков 1, получателей 1. Не seed/граница."
100000004777215100,peripheral,0.00000000,32,0.41510000,"Недостаточно наблюдений для роли; плательщиков 1, получателей 0. Граница depth=4: удержание неизвестно."
100000004779204100,peripheral,0.00000000,0,0.32289100,"Порогов конкретных ролей не достиг: плательщиков 1, получателей 1, выход/вход 66%."
100000004780083100,peripheral,0.00000000,53,0.15749900,"Недостаточно наблюдений для роли; плательщиков 1, получателей 0. Граница depth=4: удержание неизвестно."
100000004780327100,peripheral,0.00000000,18,0.15835200,"Недостаточно наблюдений для роли; плательщиков 1, получателей 0. Граница depth=4: удержание неизвестно."
100000004783447100,terminal,0.66621300,22,0.19038400,"Вход 26,200 KZT от 1 плательщиков; исходящих связей нет. Не seed/граница; конечный только в выборке."
100000004784224100,peripheral,0.00000000,21,0.32292000,"Порогов конкретных ролей не достиг: плательщиков 1, получателей 1, выход/вход 426%."
100000004788983100,peripheral,0.00000000,0,0.35852800,"Недостаточно наблюдений для роли; плательщиков 1, получателей 0. Граница depth=4: удержание неизвестно."
100000004790991100,terminal,0.83545600,16,0.41402300,"Вход 239,413 KZT от 1 плательщиков; исходящих связей нет. Не seed/граница; конечный только в выборке."
100000004791226100,peripheral,0.00000000,0,0.37535100,"Недостаточно наблюдений для роли; плательщиков 1, получателей 0. Граница depth=4: удержание неизвестно."
100000004792397100,terminal,0.66621300,22,0.27674600,"Вход 73,520 KZT от 1 плательщиков; исходящих связей нет. Не seed/граница; конечный только в выборке."
100000004797167100,peripheral,0.00000000,8,0.32910100,"Недостаточно наблюдений для роли; плательщиков 1, получателей 0. Граница depth=4: удержание неизвестно."
100000004798515100,peripheral,0.00000000,7,0.36889500,"Недостаточно наблюдений для роли; плательщиков 1, получателей 0. Граница depth=4: удержание неизвестно."
100000004800452100,peripheral,0.00000000,10,0.38688800,"Недостаточно наблюдений для роли; плательщиков 1, получателей 0. Граница depth=4: удержание неизвестно."
100000004800648100,peripheral,0.00000000,7,0.34027200,"Недостаточно наблюдений для роли; плательщиков 1, получателей 0. Граница depth=4: удержание неизвестно."
100000004806903100,terminal,0.66621300,2,0.43380000,"Вход 18,000 KZT от 1 плательщиков; исходящих связей нет. Не seed/граница; конечный только в выборке."
100000004813068100,peripheral,0.00000000,21,0.23185400,"Недостаточно наблюдений для роли; плательщиков 0, получателей 3. Seed: вход неполный."
100000004816564100,peripheral,0.00000000,3,0.57516300,"Порогов конкретных ролей не достиг: плательщиков 1, получателей 1, выход/вход 2%."
100000004820260100,transit,0.79878300,3,0.69470900,"Объёмный транзит: выход/вход 92% в [80%; 120%]; плательщиков 1, получателей 3. Не seed/граница."
100000004825069100,terminal,0.83545600,22,0.21909700,"Вход 30,000 KZT от 1 плательщиков; исходящих связей нет. Не seed/граница; конечный только в выборке."
100000004840086100,peripheral,0.00000000,0,0.37804700,"Недостаточно наблюдений для роли; плательщиков 1, получателей 0. Граница depth=4: удержание неизвестно."
100000004841728100,terminal,0.66621300,22,0.24955900,"Вход 52,208 KZT от 1 плательщиков; исходящих связей нет. Не seed/граница; конечный только в выборке."
100000004847758100,coordinator,0.74355900,2,0.76794300,Seed-предков 2≥2; входящих 4≥3; исходящих 15≥2; ранг посредничества 95.1%≥90%.
100000004848236100,peripheral,0.00000000,0,0.26736600,"Недостаточно наблюдений для роли; плательщиков 1, получателей 0. Граница depth=4: удержание неизвестно."
100000004850609100,peripheral,0.00000000,0,0.20666900,"Недостаточно наблюдений для роли; плательщиков 1, получателей 0. Граница depth=4: удержание неизвестно."
100000004856746100,peripheral,0.00000000,59,0.20972000,"Недостаточно наблюдений для роли; плательщиков 1, получателей 0. Граница depth=4: удержание неизвестно."
100000004877085100,peripheral,0.00000000,12,0.57841900,"Порогов конкретных ролей не достиг: плательщиков 1, получателей 3, выход/вход 382%."
100000004889043100,terminal,0.90212300,0,0.47434600,"Вход 272,000 KZT от 2 плательщиков; исходящих связей нет. Не seed/граница; конечный только в выборке."
100000004890713100,peripheral,0.00000000,18,0.32097700,"Недостаточно наблюдений для роли; плательщиков 1, получателей 0. Граница depth=4: удержание неизвестно."
100000004891562100,peripheral,0.00000000,18,0.33560600,"Недостаточно наблюдений для роли; плательщиков 1, получателей 0. Граница depth=4: удержание неизвестно."
100000004892144100,peripheral,0.00000000,21,0.63357200,"Порогов конкретных ролей не достиг: плательщиков 2, получателей 1, выход/вход 4%."
100000004904960100,terminal,0.85520600,0,0.52310500,"Вход 32,000 KZT от 2 плательщиков; исходящих связей нет. Не seed/граница; конечный только в выборке."
100000004905207100,terminal,0.66621300,40,0.51681100,"Вход 380,000 KZT от 1 плательщиков; исходящих связей нет. Не seed/граница; конечный только в выборке."
100000004906181100,peripheral,0.00000000,20,0.66763200,"Порогов конкретных ролей не достиг: плательщиков 1, получателей 7, выход/вход 2473%."
100000004908173100,peripheral,0.00000000,42,0.24668700,"Недостаточно наблюдений для роли; плательщиков 1, получателей 0. Граница depth=4: удержание неизвестно."
100000004911971100,peripheral,0.00000000,20,0.29877600,"Недостаточно наблюдений для роли; плательщиков 1, получателей 0. Граница depth=4: удержание неизвестно."
100000004917367100,terminal,0.85520600,10,0.43011100,"Вход 120,000 KZT от 2 плательщиков; исходящих связей нет. Не seed/граница; конечный только в выборке."
100000004921657100,peripheral,0.00000000,2,0.36585300,"Порогов конкретных ролей не достиг: плательщиков 1, получателей 1, выход/вход 267%."
100000004931931100,peripheral,0.00000000,0,0.37183700,"Порогов конкретных ролей не достиг: плательщиков 1, получателей 1, выход/вход 188%."
100000004948177100,consolidator,0.74184000,16,0.53523500,"Плательщиков 3≥3; вход 437,163 KZT; выход/вход 0%≤20%. Не seed/граница."
100000004950490100,terminal,0.66621300,1,0.22300000,"Вход 10,000 KZT от 1 плательщиков; исходящих связей нет. Не seed/граница; конечный только в выборке."
100000004959752100,terminal,0.66621300,8,0.45695700,"Вход 22,200 KZT от 1 плательщиков; исходящих связей нет. Не seed/граница; конечный только в выборке."
100000004962193100,consolidator,0.99537600,0,0.62893200,"Плательщиков 8≥3; вход 900,468 KZT; выход/вход 0%≤20%. Не seed/граница."
100000004970752100,terminal,0.66621300,0,0.29217900,"Вход 10,000 KZT от 1 плательщиков; исходящих связей нет. Не seed/граница; конечный только в выборке."
100000004971871100,peripheral,0.00000000,50,0.30253300,"Недостаточно наблюдений для роли; плательщиков 1, получателей 1. Seed: вход неполный."
100000004975919100,peripheral,0.00000000,8,0.33831600,"Порогов конкретных ролей не достиг: плательщиков 1, получателей 2, выход/вход 67%."
100000004976946100,peripheral,0.00000000,62,0.42654000,"Недостаточно наблюдений для роли; плательщиков 1, получателей 0. Граница depth=4: удержание неизвестно."
100000004979264100,peripheral,0.00000000,42,0.31075200,"Недостаточно наблюдений для роли; плательщиков 1, получателей 0. Граница depth=4: удержание неизвестно."
100000004979283100,terminal,0.66621300,18,0.24605900,"Вход 40,132 KZT от 1 плательщиков; исходящих связей нет. Не seed/граница; конечный только в выборке."
100000004979498100,peripheral,0.00000000,55,0.49142900,"Порогов конкретных ролей не достиг: плательщиков 1, получателей 1, выход/вход 29%."
100000004981068100,peripheral,0.00000000,8,0.31711900,"Недостаточно наблюдений для роли; плательщиков 1, получателей 0. Граница depth=4: удержание неизвестно."
100000004984689100,terminal,0.66621300,8,0.24982800,"Вход 53,030 KZT от 1 плательщиков; исходящих связей нет. Не seed/граница; конечный только в выборке."
100000004988240100,peripheral,0.00000000,0,0.36745500,"Недостаточно наблюдений для роли; плательщиков 1, получателей 0. Граница depth=4: удержание неизвестно."
100000004991593100,peripheral,0.00000000,8,0.40981300,"Недостаточно наблюдений для роли; плательщиков 1, получателей 0. Граница depth=4: удержание неизвестно."
100000004991812100,terminal,0.66621300,29,0.30554400,"Вход 10,000 KZT от 1 плательщиков; исходящих связей нет. Не seed/граница; конечный только в выборке."
100000004993576100,terminal,0.66621300,3,0.46109100,"Вход 167,000 KZT от 1 плательщиков; исходящих связей нет. Не seed/граница; конечный только в выборке."
100000004997515100,consolidator,0.60556400,4,0.81020500,"Плательщиков 4≥3; вход 395,000 KZT; выход/вход 14%≤20%. Не seed/граница."
100000005008589100,terminal,0.66621300,0,0.25422400,"Вход 42,807 KZT от 1 плательщиков; исходящих связей нет. Не seed/граница; конечный только в выборке."
100000005010159100,peripheral,0.00000000,8,0.27889900,"Недостаточно наблюдений для роли; плательщиков 1, получателей 0. Граница depth=4: удержание неизвестно."
100000005017150100,peripheral,0.00000000,73,0.00000000,"Недостаточно наблюдений для роли; плательщиков 0, получателей 0. Нет рёбер: недостаточно наблюдений."
100000005022552100,peripheral,0.00000000,16,0.46935200,"Порогов конкретных ролей не достиг: плательщиков 1, получателей 1, выход/вход 2%."
100000005022964100,terminal,0.66621300,2,0.37961300,"Вход 20,000 KZT от 1 плательщиков; исходящих связей нет. Не seed/граница; конечный только в выборке."
100000005025629100,peripheral,0.00000000,10,0.30694100,"Недостаточно наблюдений для роли; плательщиков 1, получателей 0. Граница depth=4: удержание неизвестно."
100000005030592100,terminal,0.66621300,3,0.23996100,"Вход 10,000 KZT от 1 плательщиков; исходящих связей нет. Не seed/граница; конечный только в выборке."
100000005031696100,peripheral,0.00000000,45,0.71909800,"Порогов конкретных ролей не достиг: плательщиков 1, получателей 2, выход/вход 2300%."
100000005032294100,terminal,0.66621300,40,0.35651500,"Вход 10,000 KZT от 1 плательщиков; исходящих связей нет. Не seed/граница; конечный только в выборке."
100000005034574100,terminal,0.86381100,71,0.39168500,"Вход 258,816 KZT от 1 плательщиков; исходящих связей нет. Не seed/граница; конечный только в выборке."
100000005037490100,peripheral,0.00000000,12,0.46914900,"Порогов конкретных ролей не достиг: плательщиков 1, получателей 2, выход/вход 200%."
100000005041147100,peripheral,0.00000000,0,0.34502400,"Недостаточно наблюдений для роли; плательщиков 1, получателей 0. Граница depth=4: удержание неизвестно."
100000005041905100,peripheral,0.00000000,22,0.30852200,"Порогов конкретных ролей не достиг: плательщиков 1, получателей 1, выход/вход 21607%."
100000005042822100,peripheral,0.00000000,36,0.42923600,"Недостаточно наблюдений для роли; плательщиков 1, получателей 0. Граница depth=4: удержание неизвестно."
100000005048668100,peripheral,0.00000000,8,0.69848500,"Порогов конкретных ролей не достиг: плательщиков 2, получателей 8, выход/вход 956%."
100000005049404100,peripheral,0.00000000,10,0.41820200,"Недостаточно наблюдений для роли; плательщиков 1, получателей 0. Граница depth=4: удержание неизвестно."
100000005052998100,peripheral,0.00000000,0,0.28894000,"Порогов конкретных ролей не достиг: плательщиков 1, получателей 1, выход/вход 299%."
100000005053653100,peripheral,0.00000000,12,0.55018700,"Порогов конкретных ролей не достиг: плательщиков 2, получателей 1, выход/вход 40%."
100000005055454100,terminal,0.66621300,27,0.25539100,"Вход 6,500 KZT от 1 плательщиков; исходящих связей нет. Не seed/граница; конечный только в выборке."
100000005056870100,terminal,0.66621300,52,0.21784000,"Вход 20,000 KZT от 1 плательщиков; исходящих связей нет. Не seed/граница; конечный только в выборке."
100000005059998100,terminal,0.66621300,0,0.19267200,"Вход 18,000 KZT от 1 плательщиков; исходящих связей нет. Не seed/граница; конечный только в выборке."
100000005061890100,terminal,0.66621300,2,0.36997100,"Вход 90,000 KZT от 1 плательщиков; исходящих связей нет. Не seed/граница; конечный только в выборке."
100000005074393100,peripheral,0.00000000,12,0.92042600,"Порогов конкретных ролей не достиг: плательщиков 4, получателей 6, выход/вход 122%."
100000005075949100,peripheral,0.00000000,54,0.47297700,"Недостаточно наблюдений для роли; плательщиков 1, получателей 0. Граница depth=4: удержание неизвестно."
100000005077484100,peripheral,0.00000000,27,0.45468000,"Порогов конкретных ролей не достиг: плательщиков 1, получателей 2, выход/вход 9%."
100000005079473100,peripheral,0.00000000,8,0.27961700,"Недостаточно наблюдений для роли; плательщиков 1, получателей 0. Граница depth=4: удержание неизвестно."
100000005079754100,peripheral,0.00000000,2,0.62776100,"Порогов конкретных ролей не достиг: плательщиков 1, получателей 2, выход/вход 174%."
100000005082652100,terminal,0.66621300,1,0.29931200,"Вход 30,000 KZT от 1 плательщиков; исходящих связей нет. Не seed/граница; конечный только в выборке."
100000005087431100,peripheral,0.00000000,74,0.00000000,"Недостаточно наблюдений для роли; плательщиков 0, получателей 0. Нет рёбер: недостаточно наблюдений."
100000005087923100,peripheral,0.00000000,46,0.28401400,"Недостаточно наблюдений для роли; плательщиков 1, получателей 0. Граница depth=4: удержание неизвестно."
100000005089460100,terminal,0.66621300,22,0.12564700,"Вход 12,300 KZT от 1 плательщиков; исходящих связей нет. Не seed/граница; конечный только в выборке."
100000005092518100,terminal,0.66621300,22,0.18917300,"Вход 26,144 KZT от 1 плательщиков; исходящих связей нет. Не seed/граница; конечный только в выборке."
100000005093521100,terminal,0.66621300,2,0.27396000,"Вход 15,200 KZT от 1 плательщиков; исходящих связей нет. Не seed/граница; конечный только в выборке."
100000005100475100,terminal,0.66621300,1,0.28760300,"Вход 40,000 KZT от 1 плательщиков; исходящих связей нет. Не seed/граница; конечный только в выборке."
100000005105153100,terminal,0.66621300,0,0.40801800,"Вход 30,000 KZT от 1 плательщиков; исходящих связей нет. Не seed/граница; конечный только в выборке."
100000005124479100,peripheral,0.00000000,0,0.66424700,"Порогов конкретных ролей не достиг: плательщиков 2, получателей 2, выход/вход 16%."
100000005127767100,terminal,0.66621300,19,0.24484800,"Вход 7,000 KZT от 1 плательщиков; исходящих связей нет. Не seed/граница; конечный только в выборке."
100000005133757100,terminal,0.85520600,8,0.44419100,"Вход 65,000 KZT от 2 плательщиков; исходящих связей нет. Не seed/граница; конечный только в выборке."
100000005140601100,peripheral,0.00000000,8,0.62184700,"Порогов конкретных ролей не достиг: плательщиков 3, получателей 2, выход/вход 371%."
100000005142492100,peripheral,0.00000000,1,0.40950900,"Порогов конкретных ролей не достиг: плательщиков 1, получателей 1, выход/вход 570%."
100000005142589100,terminal,0.78853900,0,0.34964500,"Вход 50,000 KZT от 1 плательщиков; исходящих связей нет. Не seed/граница; конечный только в выборке."
100000005146665100,peripheral,0.00000000,44,0.10267700,"Недостаточно наблюдений для роли; плательщиков 1, получателей 0. Граница depth=4: удержание неизвестно."
100000005168487100,peripheral,0.00000000,11,0.56589700,"Порогов конкретных ролей не достиг: плательщиков 1, получателей 1, выход/вход 690%."
100000005171642100,transit,0.95264100,46,0.54815500,"Объёмный транзит: выход/вход 98% в [80%; 120%]; плательщиков 2, получателей 1. Не seed/граница."
100000005172860100,terminal,0.66621300,0,0.16584400,"Вход 15,209 KZT от 1 плательщиков; исходящих связей нет. Не seed/граница; конечный только в выборке."
100000005175148100,peripheral,0.00000000,3,0.56265000,"Порогов конкретных ролей не достиг: плательщиков 2, получателей 1, выход/вход 19%."
100000005182219100,terminal,0.85520600,10,0.46932200,"Вход 55,000 KZT от 2 плательщиков; исходящих связей нет. Не seed/граница; конечный только в выборке."
100000005183943100,terminal,0.85667100,23,0.45144300,"Вход 680,900 KZT от 1 плательщиков; исходящих связей нет. Не seed/граница; конечный только в выборке."
100000005186109100,terminal,0.66621300,3,0.38123500,"Вход 5,000 KZT от 1 плательщиков; исходящих связей нет. Не seed/граница; конечный только в выборке."
100000005186131100,transit,0.66666700,0,0.26528700,"Объёмный транзит: выход/вход 100% в [80%; 120%]; плательщиков 1, получателей 1. Не seed/граница."
100000005187208100,terminal,0.66621300,10,0.21483500,"Вход 14,160 KZT от 1 плательщиков; исходящих связей нет. Не seed/граница; конечный только в выборке."
100000005189258100,peripheral,0.00000000,10,0.28441700,"Недостаточно наблюдений для роли; плательщиков 1, получателей 0. Граница depth=4: удержание неизвестно."
100000005198498100,terminal,0.66621300,22,0.18755800,"Вход 28,800 KZT от 1 плательщиков; исходящих связей нет. Не seed/граница; конечный только в выборке."
100000005198906100,peripheral,0.00000000,10,0.48184700,"Порогов конкретных ролей не достиг: плательщиков 1, получателей 1, выход/вход 26%."
100000005203590100,terminal,0.66621300,1,0.28823100,"Вход 90,000 KZT от 1 плательщиков; исходящих связей нет. Не seed/граница; конечный только в выборке."
100000005205745100,terminal,0.66621300,1,0.30573000,"Вход 6,000 KZT от 1 плательщиков; исходящих связей нет. Не seed/граница; конечный только в выборке."
100000005209352100,peripheral,0.00000000,0,0.31196000,"Недостаточно наблюдений для роли; плательщиков 1, получателей 0. Граница depth=4: удержание неизвестно."
100000005222360100,peripheral,0.00000000,40,0.54339000,"Порогов конкретных ролей не достиг: плательщиков 1, получателей 1, выход/вход 540%."
100000005226217100,peripheral,0.00000000,4,0.33735200,"Недостаточно наблюдений для роли; плательщиков 1, получателей 0. Граница depth=4: удержание неизвестно."
100000005228059100,terminal,0.66621300,22,0.18845500,"Вход 26,000 KZT от 1 плательщиков; исходящих связей нет. Не seed/граница; конечный только в выборке."
100000005233755100,peripheral,0.00000000,28,0.27000100,"Порогов конкретных ролей не достиг: плательщиков 1, получателей 1, выход/вход 20%."
100000005235389100,peripheral,0.00000000,75,0.00000000,"Недостаточно наблюдений для роли; плательщиков 0, получателей 0. Нет рёбер: недостаточно наблюдений."
100000005237935150,terminal,0.66621300,24,0.23188300,"Вход 34,508 KZT от 1 плательщиков; исходящих связей нет. Не seed/граница; конечный только в выборке."
100000005241556100,terminal,0.66621300,35,0.38145600,"Вход 100,000 KZT от 1 плательщиков; исходящих связей нет. Не seed/граница; конечный только в выборке."
100000005242320100,distributor,0.98807600,24,0.76623400,"Получателей 21≥10; исходящих переводов 29≥10; выход 8,936,295 KZT."
100000005264874100,peripheral,0.00000000,26,0.41583600,"Порогов конкретных ролей не достиг: плательщиков 1, получателей 2, выход/вход 260%."
100000005264990100,peripheral,0.00000000,47,0.62187600,"Недостаточно наблюдений для роли; плательщиков 1, получателей 2. Seed: вход неполный."
100000005265073100,peripheral,0.00000000,47,0.36141000,"Порогов конкретных ролей не достиг: плательщиков 1, получателей 1, выход/вход 180%."
100000005268319100,peripheral,0.00000000,0,0.46281400,"Порогов конкретных ролей не достиг: плательщиков 1, получателей 5, выход/вход 462%."
100000005272139100,peripheral,0.00000000,16,0.41532800,"Недостаточно наблюдений для роли; плательщиков 1, получателей 0. Граница depth=4: удержание неизвестно."
100000005287097100,peripheral,0.00000000,16,0.78716800,"Порогов конкретных ролей не достиг: плательщиков 2, получателей 9, выход/вход 548%."
100000005293969100,peripheral,0.00000000,0,0.25687100,"Недостаточно наблюдений для роли; плательщиков 1, получателей 0. Граница depth=4: удержание неизвестно."
100000005308954100,peripheral,0.00000000,16,0.42840600,"Порогов конкретных ролей не достиг: плательщиков 1, получателей 1, выход/вход 43%."
100000005314565100,terminal,0.82104100,0,0.37477200,"Вход 218,500 KZT от 1 плательщиков; исходящих связей нет. Не seed/граница; конечный только в выборке."
100000005316708100,peripheral,0.00000000,1,0.39067900,"Порогов конкретных ролей не достиг: плательщиков 1, получателей 2, выход/вход 286%."
100000005317181100,peripheral,0.00000000,0,0.48928800,"Порогов конкретных ролей не достиг: плательщиков 1, получателей 1, выход/вход 10%."
100000005326681100,terminal,0.66621300,3,0.33062900,"Вход 31,228 KZT от 1 плательщиков; исходящих связей нет. Не seed/граница; конечный только в выборке."
100000005328215100,terminal,0.66621300,18,0.22169900,"Вход 27,000 KZT от 1 плательщиков; исходящих связей нет. Не seed/граница; конечный только в выборке."
100000005339662100,peripheral,0.00000000,3,0.85323900,"Порогов конкретных ролей не достиг: плательщиков 4, получателей 4, выход/вход 145%."
100000005342513100,peripheral,0.00000000,22,0.45818500,"Порогов конкретных ролей не достиг: плательщиков 1, получателей 1, выход/вход 13%."
100000005357034100,terminal,0.66621300,0,0.18190100,"Вход 9,754 KZT от 1 плательщиков; исходящих связей нет. Не seed/граница; конечный только в выборке."
100000005357705100,peripheral,0.00000000,8,0.54346000,"Порогов конкретных ролей не достиг: плательщиков 1, получателей 4, выход/вход 736%."
100000005360814100,peripheral,0.00000000,8,0.37230400,"Недостаточно наблюдений для роли; плательщиков 1, получателей 0. Граница depth=4: удержание неизвестно."
100000005362848100,terminal,0.66621300,18,0.21909700,"Вход 29,000 KZT от 1 плательщиков; исходящих связей нет. Не seed/граница; конечный только в выборке."
100000005363908100,transit,0.66666700,68,0.27456000,"Объёмный транзит: выход/вход 100% в [80%; 120%]; плательщиков 1, получателей 1. Не seed/граница."
100000005367180100,peripheral,0.00000000,8,0.28675000,"Недостаточно наблюдений для роли; плательщиков 1, получателей 0. Граница depth=4: удержание неизвестно."
100000005367284100,peripheral,0.00000000,0,0.44194700,"Порогов конкретных ролей не достиг: плательщиков 1, получателей 2, выход/вход 353%."
100000005367445100,transit,0.66666700,42,0.31408500,"Объёмный транзит: выход/вход 100% в [80%; 120%]; плательщиков 1, получателей 1. Не seed/граница."
100000005370558100,peripheral,0.00000000,0,0.16683100,"Недостаточно наблюдений для роли; плательщиков 1, получателей 0. Граница depth=4: удержание неизвестно."
100000005370580100,peripheral,0.00000000,12,0.34179400,"Недостаточно наблюдений для роли; плательщиков 1, получателей 0. Seed: вход неполный."
100000005375968100,peripheral,0.00000000,0,0.53140400,"Порогов конкретных ролей не достиг: плательщиков 1, получателей 2, выход/вход 51%."
100000005382566100,peripheral,0.00000000,47,0.81097100,"Недостаточно наблюдений для роли; плательщиков 7, получателей 1. Seed: вход неполный."
100000005386383100,peripheral,0.00000000,47,0.62704600,"Недостаточно наблюдений для роли; плательщиков 2, получателей 1. Seed: вход неполный."
100000005392290100,peripheral,0.00000000,65,0.13348100,"Недостаточно наблюдений для роли; плательщиков 0, получателей 1. Seed: вход неполный."
100000005394708100,peripheral,0.00000000,47,0.34140300,"Порогов конкретных ролей не достиг: плательщиков 1, получателей 1, выход/вход 250%."
100000005395727100,peripheral,0.00000000,3,0.36853800,"Недостаточно наблюдений для роли; плательщиков 1, получателей 0. Seed: вход неполный."
100000005402643100,peripheral,0.00000000,4,0.31812100,"Порогов конкретных ролей не достиг: плательщиков 1, получателей 1, выход/вход 70%."
100000005409156100,terminal,0.85520600,10,0.54684500,"Вход 260,080 KZT от 2 плательщиков; исходящих связей нет. Не seed/граница; конечный только в выборке."
100000005409680100,peripheral,0.00000000,43,0.54477400,"Недостаточно наблюдений для роли; плательщиков 2, получателей 0. Seed: вход неполный."
100000005413948100,peripheral,0.00000000,42,0.51209300,"Порогов конкретных ролей не достиг: плательщиков 2, получателей 1, выход/вход 18%."
100000005417257100,peripheral,0.00000000,47,0.17955100,"Недостаточно наблюдений для роли; плательщиков 0, получателей 2. Seed: вход неполный."
100000005432267100,terminal,0.85520600,2,0.55670800,"Вход 350,001 KZT от 2 плательщиков; исходящих связей нет. Не seed/граница; конечный только в выборке."
100000005454368100,peripheral,0.00000000,12,0.43701400,"Недостаточно наблюдений для роли; плательщиков 2, получателей 0. Seed: вход неполный."
100000005456919100,peripheral,0.00000000,9,0.52949300,"Порогов конкретных ролей не достиг: плательщиков 2, получателей 1, выход/вход 1%."
100000005473151100,consolidator,0.45255400,18,0.80855400,"Плательщиков 3≥3; вход 1,220,000 KZT; выход/вход 18%≤20%. Не seed/граница."
100000005474472100,terminal,0.66621300,21,0.37966200,"Вход 100,000 KZT от 1 плательщиков; исходящих связей нет. Не seed/граница; конечный только в выборке."
100000005475379100,peripheral,0.00000000,11,0.56791400,"Порогов конкретных ролей не достиг: плательщиков 1, получателей 3, выход/вход 75%."
100000005480435100,peripheral,0.00000000,76,0.00000000,"Недостаточно наблюдений для роли; плательщиков 0, получателей 0. Нет рёбер: недостаточно наблюдений."
100000005481280100,peripheral,0.00000000,3,0.54833000,"Порогов конкретных ролей не достиг: плательщиков 1, получателей 3, выход/вход 153%."
100000005485830100,peripheral,0.00000000,52,0.24068200,"Недостаточно наблюдений для роли; плательщиков 0, получателей 5. Seed: вход неполный."
100000005493505100,peripheral,0.00000000,12,0.56779200,"Недостаточно наблюдений для роли; плательщиков 3, получателей 0. Seed: вход неполный."
100000005495211100,peripheral,0.00000000,0,0.36458400,"Недостаточно наблюдений для роли; плательщиков 1, получателей 0. Граница depth=4: удержание неизвестно."
100000005495722100,peripheral,0.00000000,77,0.00000000,"Недостаточно наблюдений для роли; плательщиков 0, получателей 0. Нет рёбер: недостаточно наблюдений."
100000005496254100,terminal,0.66621300,0,0.12896600,"Вход 12,700 KZT от 1 плательщиков; исходящих связей нет. Не seed/граница; конечный только в выборке."
100000005497148100,peripheral,0.00000000,10,0.40730000,"Недостаточно наблюдений для роли; плательщиков 1, получателей 0. Граница depth=4: удержание неизвестно."
100000005498992100,distributor,0.59668400,4,0.29125900,"Получателей 16≥10; исходящих переводов 19≥10; выход 2,262,868 KZT. Seed: вход неполный."
100000005505655100,peripheral,0.00000000,13,0.58501600,"Порогов конкретных ролей не достиг: плательщиков 2, получателей 1, выход/вход 60%."
100000005507142100,peripheral,0.00000000,26,0.54639100,"Порогов конкретных ролей не достиг: плательщиков 3, получателей 3, выход/вход 196%."
100000005514161100,consolidator,0.63628900,1,0.79043800,"Плательщиков 4≥3; вход 401,500 KZT; выход/вход 12%≤20%. Не seed/граница."
100000005519347100,peripheral,0.00000000,16,0.60692300,"Недостаточно наблюдений для роли; плательщиков 2, получателей 1. Seed: вход неполный."
100000005519998100,transit,0.91758200,59,0.67429700,"Объёмный транзит: выход/вход 103% в [80%; 120%]; плательщиков 3, получателей 3. Не seed/граница."
100000005523088100,peripheral,0.00000000,47,0.61523200,"Недостаточно наблюдений для роли; плательщиков 1, получателей 0. Seed: вход неполный."
100000005527892100,coordinator,0.87020000,35,0.82348500,Seed-предков 4≥2; входящих 3≥3; исходящих 8≥2; ранг посредничества 90.1%≥90%.
100000005530114100,peripheral,0.00000000,28,0.48251900,"Порогов конкретных ролей не достиг: плательщиков 2, получателей 1, выход/вход 18%."
100000005532138100,terminal,0.66621300,1,0.20272200,"Вход 25,046 KZT от 1 плательщиков; исходящих связей нет. Не seed/граница; конечный только в выборке."
100000005539201100,peripheral,0.00000000,16,0.42847600,"Порогов конкретных ролей не достиг: плательщиков 1, получателей 1, выход/вход 55%."
100000005539910100,peripheral,0.00000000,2,0.68187200,"Порогов конкретных ролей не достиг: плательщиков 1, получателей 2, выход/вход 22%."
100000005543136100,peripheral,0.00000000,12,0.03922300,"Недостаточно наблюдений для роли; плательщиков 0, получателей 1. Seed: вход неполный."
100000005546031100,consolidator,0.55748500,68,0.46475900,"Плательщиков 3≥3; вход 66,800 KZT; выход/вход 12%≤20%. Не seed/граница."
100000005547096100,peripheral,0.00000000,68,0.49272400,"Порогов конкретных ролей не достиг: плательщиков 1, получателей 2, выход/вход 2829%."
100000005550592100,peripheral,0.00000000,78,0.00000000,"Недостаточно наблюдений для роли; плательщиков 0, получателей 0. Нет рёбер: недостаточно наблюдений."
100000005553088100,peripheral,0.00000000,8,0.18401400,"Недостаточно наблюдений для роли; плательщиков 1, получателей 0. Граница depth=4: удержание неизвестно."
100000005560900100,peripheral,0.00000000,79,0.00000000,"Недостаточно наблюдений для роли; плательщиков 0, получателей 0. Нет рёбер: недостаточно наблюдений."
100000005561741100,terminal,0.66621300,18,0.33501900,"Вход 25,000 KZT от 1 плательщиков; исходящих связей нет. Не seed/граница; конечный только в выборке."
100000005567828100,peripheral,0.00000000,18,0.39056000,"Недостаточно наблюдений для роли; плательщиков 1, получателей 0. Граница depth=4: удержание неизвестно."
100000005568407100,peripheral,0.00000000,80,0.00000000,"Недостаточно наблюдений для роли; плательщиков 0, получателей 0. Нет рёбер: недостаточно наблюдений."
100000005572303100,peripheral,0.00000000,16,0.53975900,"Порогов конкретных ролей не достиг: плательщиков 1, получателей 1, выход/вход 27%."
100000005578559100,distributor,0.96368900,18,0.81886500,"Получателей 21≥10; исходящих переводов 23≥10; выход 893,164 KZT."
100000005584222100,peripheral,0.00000000,0,0.63756100,"Порогов конкретных ролей не достиг: плательщиков 2, получателей 2, выход/вход 56%."
100000005588444100,terminal,0.66621300,1,0.11828900,"Вход 12,300 KZT от 1 плательщиков; исходящих связей нет. Не seed/граница; конечный только в выборке."
100000005589319100,peripheral,0.00000000,2,0.24309800,"Недостаточно наблюдений для роли; плательщиков 1, получателей 0. Граница depth=4: удержание неизвестно."
100000005602999100,peripheral,0.00000000,11,0.51920400,"Порогов конкретных ролей не достиг: плательщиков 1, получателей 2, выход/вход 320%."
100000005608515100,terminal,0.83545600,1,0.24399600,"Вход 64,000 KZT от 1 плательщиков; исходящих связей нет. Не seed/граница; конечный только в выборке."
100000005610717100,peripheral,0.00000000,0,0.63631600,"Порогов конкретных ролей не достиг: плательщиков 4, получателей 1, выход/вход 55%."
100000005612411100,peripheral,0.00000000,2,0.79700300,"Порогов конкретных ролей не достиг: плательщиков 3, получателей 8, выход/вход 439%."
100000005614315100,terminal,0.66621300,16,0.43897100,"Вход 455,000 KZT от 1 плательщиков; исходящих связей нет. Не seed/граница; конечный только в выборке."
100000005616568100,peripheral,0.00000000,10,0.52609800,"Недостаточно наблюдений для роли; плательщиков 1, получателей 0. Граница depth=4: удержание неизвестно."
100000005619339100,transit,0.51913300,16,0.30250600,"Объёмный транзит: выход/вход 109% в [80%; 120%]; плательщиков 1, получателей 1. Не seed/граница."
100000005620225100,terminal,0.85520600,0,0.28901400,"Вход 49,846 KZT от 2 плательщиков; исходящих связей нет. Не seed/граница; конечный только в выборке."
100000005621418100,peripheral,0.00000000,14,0.24780900,"Недостаточно наблюдений для роли; плательщиков 1, получателей 0. Граница depth=4: удержание неизвестно."
100000005628518100,terminal,0.82104100,43,0.36288300,"Вход 77,000 KZT от 1 плательщиков; исходящих связей нет. Не seed/граница; конечный только в выборке."
100000005634552100,peripheral,0.00000000,0,0.54874800,"Порогов конкретных ролей не достиг: плательщиков 1, получателей 3, выход/вход 4627%."
100000005636951100,peripheral,0.00000000,46,0.34780900,"Недостаточно наблюдений для роли; плательщиков 1, получателей 0. Граница depth=4: удержание неизвестно."
100000005660203100,peripheral,0.00000000,16,0.69912400,"Порогов конкретных ролей не достиг: плательщиков 1, получателей 2, выход/вход 7%."
100000005661528100,terminal,0.66621300,8,0.18643600,"Вход 25,000 KZT от 1 плательщиков; исходящих связей нет. Не seed/граница; конечный только в выборке."
100000005661829100,transit,0.55323300,43,0.30147300,"Объёмный транзит: выход/вход 107% в [80%; 120%]; плательщиков 1, получателей 2. Не seed/граница."
100000005664632100,terminal,0.86442300,72,0.50020500,"Вход 198,620 KZT от 1 плательщиков; исходящих связей нет. Не seed/граница; конечный только в выборке."
100000005664922100,peripheral,0.00000000,21,0.60739700,"Порогов конкретных ролей не достиг: плательщиков 2, получателей 3, выход/вход 2441%."
100000005665181100,distributor,0.63500700,10,0.80438700,"Получателей 11≥10; исходящих переводов 11≥10; выход 181,915 KZT."
100000005667841100,terminal,0.85520600,42,0.45168400,"Вход 186,000 KZT от 2 плательщиков; исходящих связей нет. Не seed/граница; конечный только в выборке."
100000005668605100,peripheral,0.00000000,47,0.59360000,"Недостаточно наблюдений для роли; плательщиков 3, получателей 0. Seed: вход неполный."
100000005669845100,terminal,0.66621300,27,0.23892600,"Вход 20,000 KZT от 1 плательщиков; исходящих связей нет. Не seed/граница; конечный только в выборке."
100000005674387100,terminal,0.66621300,22,0.18127700,"Вход 26,200 KZT от 1 плательщиков; исходящих связей нет. Не seed/граница; конечный только в выборке."
100000005685783100,peripheral,0.00000000,22,0.31178400,"Недостаточно наблюдений для роли; плательщиков 1, получателей 0. Граница depth=4: удержание неизвестно."
100000005704413100,coordinator,0.71874000,18,0.88146200,Seed-предков 2≥2; входящих 3≥3; исходящих 32≥2; ранг посредничества 97.9%≥90%.
100000005709551100,terminal,0.66621300,12,0.31259400,"Вход 24,560 KZT от 1 плательщиков; исходящих связей нет. Не seed/граница; конечный только в выборке."
100000005711521100,peripheral,0.00000000,12,0.48100400,"Недостаточно наблюдений для роли; плательщиков 1, получателей 0. Граница depth=4: удержание неизвестно."
100000005723580100,peripheral,0.00000000,42,0.28616700,"Недостаточно наблюдений для роли; плательщиков 1, получателей 0. Граница depth=4: удержание неизвестно."
100000005730108100,terminal,0.66621300,0,0.30446800,"Вход 8,000 KZT от 1 плательщиков; исходящих связей нет. Не seed/граница; конечный только в выборке."
100000005744674100,peripheral,0.00000000,47,0.11414500,"Недостаточно наблюдений для роли; плательщиков 0, получателей 1. Seed: вход неполный."
100000005745873100,peripheral,0.00000000,62,0.41877900,"Недостаточно наблюдений для роли; плательщиков 1, получателей 0. Граница depth=4: удержание неизвестно."
100000005754335100,terminal,0.66621300,63,0.31380300,"Вход 44,037 KZT от 1 плательщиков; исходящих связей нет. Не seed/граница; конечный только в выборке."
100000005756189100,peripheral,0.00000000,10,0.39660700,"Порогов конкретных ролей не достиг: плательщиков 1, получателей 1, выход/вход 75%."
100000005756535100,terminal,0.66621300,22,0.30151000,"Вход 20,000 KZT от 1 плательщиков; исходящих связей нет. Не seed/граница; конечный только в выборке."
100000005767403100,peripheral,0.00000000,59,0.47261800,"Недостаточно наблюдений для роли; плательщиков 1, получателей 0. Граница depth=4: удержание неизвестно."
100000005778283100,consolidator,0.71958300,1,0.60589400,"Плательщиков 3≥3; вход 615,760 KZT; выход/вход 0%≤20%. Не seed/граница."
100000005782781100,coordinator,0.88470400,1,0.87740200,Seed-предков 3≥2; входящих 6≥3; исходящих 10≥2; ранг посредничества 90.7%≥90%.
100000005782886100,peripheral,0.00000000,4,0.32147100,"Недостаточно наблюдений для роли; плательщиков 1, получателей 0. Граница depth=4: удержание неизвестно."
100000005783452100,peripheral,0.00000000,24,0.47178300,"Недостаточно наблюдений для роли; плательщиков 2, получателей 0. Граница depth=4: удержание неизвестно."
100000005799271100,terminal,0.78853900,11,0.46992200,"Вход 45,000 KZT от 1 плательщиков; исходящих связей нет. Не seed/граница; конечный только в выборке."
100000005807278100,terminal,0.66621300,52,0.15265400,"Вход 8,385 KZT от 1 плательщиков; исходящих связей нет. Не seed/граница; конечный только в выборке."
100000005809252100,terminal,0.66621300,10,0.42964200,"Вход 25,000 KZT от 1 плательщиков; исходящих связей нет. Не seed/граница; конечный только в выборке."
100000005815602100,peripheral,0.00000000,16,0.57009500,"Порогов конкретных ролей не достиг: плательщиков 1, получателей 1, выход/вход 825%."
100000005820746100,peripheral,0.00000000,21,0.50107400,"Порогов конкретных ролей не достиг: плательщиков 1, получателей 1, выход/вход 3%."
100000005830339100,peripheral,0.00000000,2,0.58600400,"Порогов конкретных ролей не достиг: плательщиков 5, получателей 1, выход/вход 71%."
100000005834479100,peripheral,0.00000000,8,0.28355900,"Порогов конкретных ролей не достиг: плательщиков 1, получателей 2, выход/вход 193%."
100000005844459100,terminal,0.85520600,0,0.48353700,"Вход 243,400 KZT от 2 плательщиков; исходящих связей нет. Не seed/граница; конечный только в выборке."
100000005847078100,terminal,0.66621300,22,0.14027200,"Вход 16,300 KZT от 1 плательщиков; исходящих связей нет. Не seed/граница; конечный только в выборке."
100000005849100100,terminal,0.66621300,2,0.44762500,"Вход 33,300 KZT от 1 плательщиков; исходящих связей нет. Не seed/граница; конечный только в выборке."
100000005849862100,peripheral,0.00000000,1,0.28437200,"Недостаточно наблюдений для роли; плательщиков 1, получателей 0. Граница depth=4: удержание неизвестно."
100000005852946100,terminal,0.66621300,2,0.30980500,"Вход 23,746 KZT от 1 плательщиков; исходящих связей нет. Не seed/граница; конечный только в выборке."
100000005857058100,consolidator,0.71958300,0,0.50280600,"Плательщиков 3≥3; вход 80,222 KZT; выход/вход 0%≤20%. Не seed/граница."
100000005873152100,transit,0.66666700,11,0.41910300,"Объёмный транзит: выход/вход 100% в [80%; 120%]; плательщиков 1, получателей 1. Не seed/граница."
100000005877725100,terminal,0.66621300,22,0.27225900,"Вход 70,000 KZT от 1 плательщиков; исходящих связей нет. Не seed/граница; конечный только в выборке."
100000005878334100,peripheral,0.00000000,8,0.41438200,"Недостаточно наблюдений для роли; плательщиков 1, получателей 0. Граница depth=4: удержание неизвестно."
100000005882013100,peripheral,0.00000000,12,0.58991200,"Порогов конкретных ролей не достиг: плательщиков 2, получателей 1, выход/вход 7%."
100000005888829100,peripheral,0.00000000,4,0.40693500,"Недостаточно наблюдений для роли; плательщиков 1, получателей 0. Граница depth=4: удержание неизвестно."
100000005893892100,terminal,0.66621300,10,0.34848500,"Вход 102,780 KZT от 1 плательщиков; исходящих связей нет. Не seed/граница; конечный только в выборке."
100000005895525100,terminal,0.82104100,52,0.35767900,"Вход 120,000 KZT от 1 плательщиков; исходящих связей нет. Не seed/граница; конечный только в выборке."
100000005897462100,terminal,0.66621300,11,0.42805700,"Вход 98,400 KZT от 1 плательщиков; исходящих связей нет. Не seed/граница; конечный только в выборке."
100000005901606100,terminal,0.66621300,22,0.21528300,"Вход 35,660 KZT от 1 плательщиков; исходящих связей нет. Не seed/граница; конечный только в выборке."
100000005904580100,terminal,0.85520600,7,0.40081300,"Вход 72,000 KZT от 2 плательщиков; исходящих связей нет. Не seed/граница; конечный только в выборке."
100000005910114100,coordinator,0.89824700,0,0.89428400,Seed-предков 4≥2; входящих 3≥3; исходящих 19≥2; ранг посредничества 99.4%≥90%.
100000005910895100,peripheral,0.00000000,11,0.27230400,"Недостаточно наблюдений для роли; плательщиков 1, получателей 0. Граница depth=4: удержание неизвестно."
100000005911352100,peripheral,0.00000000,19,0.57865900,"Порогов конкретных ролей не достиг: плательщиков 2, получателей 3, выход/вход 160%."
100000005931985100,terminal,0.66621300,24,0.29810100,"Вход 76,000 KZT от 1 плательщиков; исходящих связей нет. Не seed/граница; конечный только в выборке."
100000005932987100,terminal,0.82104100,59,0.28953200,"Вход 25,000 KZT от 1 плательщиков; исходящих связей нет. Не seed/граница; конечный только в выборке."
100000005933757100,coordinator,0.75457700,40,0.90718300,Seed-предков 2≥2; входящих 4≥3; исходящих 34≥2; ранг посредничества 98.7%≥90%.
100000005939154100,terminal,0.78853900,16,0.30312800,"Вход 22,000 KZT от 1 плательщиков; исходящих связей нет. Не seed/граница; конечный только в выборке."
100000005940652100,terminal,0.66621300,42,0.24991300,"Вход 8,395 KZT от 1 плательщиков; исходящих связей нет. Не seed/граница; конечный только в выборке."
100000005941908100,terminal,0.66621300,40,0.36404600,"Вход 10,000 KZT от 1 плательщиков; исходящих связей нет. Не seed/граница; конечный только в выборке."
100000005942793100,consolidator,0.81252600,0,0.47074100,"Плательщиков 4≥3; вход 55,000 KZT; выход/вход 0%≤20%. Не seed/граница."
100000005958064100,peripheral,0.00000000,40,0.46418300,"Порогов конкретных ролей не достиг: плательщиков 1, получателей 2, выход/вход 2854%."
100000005961971100,terminal,0.66621300,22,0.23843300,"Вход 47,353 KZT от 1 плательщиков; исходящих связей нет. Не seed/граница; конечный только в выборке."
100000005974542100,terminal,0.82104100,29,0.43515400,"Вход 94,500 KZT от 1 плательщиков; исходящих связей нет. Не seed/граница; конечный только в выборке."
100000005979037100,peripheral,0.00000000,8,0.30330500,"Недостаточно наблюдений для роли; плательщиков 1, получателей 0. Граница depth=4: удержание неизвестно."
100000005995391100,terminal,0.66621300,22,0.14381600,"Вход 17,200 KZT от 1 плательщиков; исходящих связей нет. Не seed/граница; конечный только в выборке."
100000005996909100,terminal,0.66621300,3,0.27467800,"Вход 5,500 KZT от 1 плательщиков; исходящих связей нет. Не seed/граница; конечный только в выборке."
100000006008169100,terminal,0.66621300,7,0.26328700,"Вход 70,000 KZT от 1 плательщиков; исходящих связей нет. Не seed/граница; конечный только в выборке."
100000006020215100,transit,0.45555600,12,0.52790100,"Объёмный транзит: выход/вход 113% в [80%; 120%]; плательщиков 1, получателей 2. Не seed/граница."
100000006030946100,terminal,0.66621300,22,0.27647700,"Вход 73,289 KZT от 1 плательщиков; исходящих связей нет. Не seed/граница; конечный только в выборке."
100000006048193100,terminal,0.66621300,0,0.30904400,"Вход 41,559 KZT от 1 плательщиков; исходящих связей нет. Не seed/граница; конечный только в выборке."
100000006069103100,transit,0.55005700,5,0.77044100,"Объёмный транзит: выход/вход 118% в [80%; 120%]; плательщиков 3, получателей 3. Не seed/граница."
100000006100920100,terminal,0.66621300,0,0.32466000,"Вход 100,000 KZT от 1 плательщиков; исходящих связей нет. Не seed/граница; конечный только в выборке."
100000006111439100,transit,0.58313100,10,0.52353400,"Объёмный транзит: выход/вход 117% в [80%; 120%]; плательщиков 3, получателей 4. Не seed/граница."
100000006111442100,terminal,0.66621300,42,0.25476300,"Вход 64,000 KZT от 1 плательщиков; исходящих связей нет. Не seed/граница; конечный только в выборке."
100000006122699100,terminal,0.85520600,16,0.43589200,"Вход 45,865 KZT от 2 плательщиков; исходящих связей нет. Не seed/граница; конечный только в выборке."
100000006126743100,terminal,0.66621300,10,0.30819800,"Вход 55,000 KZT от 1 плательщиков; исходящих связей нет. Не seed/граница; конечный только в выборке."
100000006161893100,terminal,0.66621300,16,0.27867500,"Вход 14,000 KZT от 1 плательщиков; исходящих связей нет. Не seed/граница; конечный только в выборке."
100000006165886100,peripheral,0.00000000,0,0.45879400,"Порогов конкретных ролей не достиг: плательщиков 2, получателей 1, выход/вход 41%."
100000006169033100,peripheral,0.00000000,63,0.61239200,"Порогов конкретных ролей не достиг: плательщиков 1, получателей 3, выход/вход 2327%."
100000006171671100,peripheral,0.00000000,0,0.34035800,"Недостаточно наблюдений для роли; плательщиков 1, получателей 0. Граница depth=4: удержание неизвестно."
100000006177176100,terminal,0.66621300,16,0.18324700,"Вход 8,911 KZT от 1 плательщиков; исходящих связей нет. Не seed/граница; конечный только в выборке."
100000006209210100,terminal,0.66621300,1,0.37131700,"Вход 229,111 KZT от 1 плательщиков; исходящих связей нет. Не seed/граница; конечный только в выборке."
100000006225798100,consolidator,0.67455300,28,0.73270300,"Плательщиков 3≥3; вход 722,000 KZT; выход/вход 4%≤20%. Не seed/граница."
100000006232642100,peripheral,0.00000000,63,0.41043800,"Недостаточно наблюдений для роли; плательщиков 1, получателей 0. Граница depth=4: удержание неизвестно."
100000006232815100,peripheral,0.00000000,27,0.48506000,"Недостаточно наблюдений для роли; плательщиков 1, получателей 5. Seed: вход неполный."
100000006240939100,peripheral,0.00000000,46,0.50097000,"Порогов конкретных ролей не достиг: плательщиков 1, получателей 5, выход/вход 486%."
100000006248077100,terminal,0.66621300,16,0.36808300,"Вход 50,000 KZT от 1 плательщиков; исходящих связей нет. Не seed/граница; конечный только в выборке."
100000006249740100,peripheral,0.00000000,81,0.18730500,"Недостаточно наблюдений для роли; плательщиков 0, получателей 3. Seed: вход неполный."
100000006257675100,peripheral,0.00000000,32,0.33192700,"Недостаточно наблюдений для роли; плательщиков 1, получателей 0. Граница depth=4: удержание неизвестно."
100000006274203100,peripheral,0.00000000,43,0.82393800,"Порогов конкретных ролей не достиг: плательщиков 2, получателей 3, выход/вход 2%."
100000006288612100,peripheral,0.00000000,7,0.22703700,"Недостаточно наблюдений для роли; плательщиков 1, получателей 0. Граница depth=4: удержание неизвестно."
100000006308406100,peripheral,0.00000000,32,0.40003000,"Недостаточно наблюдений для роли; плательщиков 1, получателей 0. Граница depth=4: удержание неизвестно."
100000006326645100,terminal,0.66621300,22,0.18657100,"Вход 25,264 KZT от 1 плательщиков; исходящих связей нет. Не seed/граница; конечный только в выборке."
100000006351075100,peripheral,0.00000000,62,0.28257400,"Недостаточно наблюдений для роли; плательщиков 1, получателей 0. Граница depth=4: удержание неизвестно."
100000006369769100,terminal,0.66621300,22,0.22389700,"Вход 40,000 KZT от 1 плательщиков; исходящих связей нет. Не seed/граница; конечный только в выборке."
100000006381453100,peripheral,0.00000000,4,0.34785400,"Недостаточно наблюдений для роли; плательщиков 1, получателей 0. Граница depth=4: удержание неизвестно."
100000006385877100,peripheral,0.00000000,4,0.40757900,"Порогов конкретных ролей не достиг: плательщиков 1, получателей 1, выход/вход 68%."
100000006412162100,peripheral,0.00000000,18,0.17374000,"Недостаточно наблюдений для роли; плательщиков 1, получателей 0. Граница depth=4: удержание неизвестно."
100000006416061100,peripheral,0.00000000,0,0.30388800,"Недостаточно наблюдений для роли; плательщиков 1, получателей 0. Граница depth=4: удержание неизвестно."
100000006424479100,peripheral,0.00000000,12,0.79344600,"Порогов конкретных ролей не достиг: плательщиков 1, получателей 2, выход/вход 44%."
100000006443391100,peripheral,0.00000000,4,0.53261800,"Порогов конкретных ролей не достиг: плательщиков 3, получателей 2, выход/вход 69%."
100000006444163100,terminal,0.66621300,0,0.20711800,"Вход 6,026 KZT от 1 плательщиков; исходящих связей нет. Не seed/граница; конечный только в выборке."
100000006445501100,terminal,0.66621300,11,0.42096900,"Вход 91,000 KZT от 1 плательщиков; исходящих связей нет. Не seed/граница; конечный только в выборке."
100000006446271100,terminal,0.85520600,2,0.47896000,"Вход 80,000 KZT от 2 плательщиков; исходящих связей нет. Не seed/граница; конечный только в выборке."
100000006471232100,terminal,0.66621300,22,0.21653900,"Вход 41,800 KZT от 1 плательщиков; исходящих связей нет. Не seed/граница; конечный только в выборке."
100000006476758100,terminal,0.66621300,11,0.32748200,"Вход 5,200 KZT от 1 плательщиков; исходящих связей нет. Не seed/граница; конечный только в выборке."
100000006490557100,terminal,0.66621300,1,0.09774200,"Вход 5,000 KZT от 1 плательщиков; исходящих связей нет. Не seed/граница; конечный только в выборке."
100000006490615100,peripheral,0.00000000,12,0.38405500,"Недостаточно наблюдений для роли; плательщиков 1, получателей 0. Граница depth=4: удержание неизвестно."
100000006491272100,terminal,0.66621300,22,0.18127700,"Вход 26,200 KZT от 1 плательщиков; исходящих связей нет. Не seed/граница; конечный только в выборке."
100000006491963100,peripheral,0.00000000,18,0.18020000,"Недостаточно наблюдений для роли; плательщиков 1, получателей 0. Граница depth=4: удержание неизвестно."
100000006492770100,peripheral,0.00000000,0,0.48045000,"Порогов конкретных ролей не достиг: плательщиков 1, получателей 1, выход/вход 7%."
100000006512787100,peripheral,0.00000000,0,0.36763500,"Недостаточно наблюдений для роли; плательщиков 1, получателей 0. Граница depth=4: удержание неизвестно."
100000006518161100,transit,0.99285200,16,0.80780500,"Объёмный транзит: выход/вход 100% в [80%; 120%]; плательщиков 3, получателей 2. Не seed/граница."
100000006522972100,terminal,0.66621300,10,0.18881400,"Вход 9,515 KZT от 1 плательщиков; исходящих связей нет. Не seed/граница; конечный только в выборке."
100000006523053100,terminal,0.66621300,2,0.40087000,"Вход 5,000 KZT от 1 плательщиков; исходящих связей нет. Не seed/граница; конечный только в выборке."
100000006527156100,peripheral,0.00000000,54,0.24148300,"Недостаточно наблюдений для роли; плательщиков 1, получателей 0. Граница depth=4: удержание неизвестно."
100000006530134100,terminal,0.85520600,10,0.45272200,"Вход 144,663 KZT от 2 плательщиков; исходящих связей нет. Не seed/граница; конечный только в выборке."
100000006532229100,terminal,0.66621300,42,0.40209600,"Вход 105,000 KZT от 1 плательщиков; исходящих связей нет. Не seed/граница; конечный только в выборке."
100000006534886100,peripheral,0.00000000,16,0.44652100,"Порогов конкретных ролей не достиг: плательщиков 1, получателей 1, выход/вход 234%."
100000006557763100,terminal,0.66621300,2,0.36382100,"Вход 10,000 KZT от 1 плательщиков; исходящих связей нет. Не seed/граница; конечный только в выборке."
100000006562026100,terminal,0.91402200,81,0.50000200,"Вход 75,000 KZT от 2 плательщиков; исходящих связей нет. Не seed/граница; конечный только в выборке."
100000006564102100,terminal,0.66621300,2,0.49787900,"Вход 233,235 KZT от 1 плательщиков; исходящих связей нет. Не seed/граница; конечный только в выборке."
100000006567935100,terminal,0.66621300,33,0.44296600,"Вход 200,000 KZT от 1 плательщиков; исходящих связей нет. Не seed/граница; конечный только в выборке."
100000006573438100,terminal,0.66621300,63,0.16602300,"Вход 5,000 KZT от 1 плательщиков; исходящих связей нет. Не seed/граница; конечный только в выборке."
100000006579678100,peripheral,0.00000000,16,0.84901600,"Порогов конкретных ролей не достиг: плательщиков 2, получателей 6, выход/вход 865%."
100000006595426100,terminal,0.82104100,0,0.32116000,"Вход 84,800 KZT от 1 плательщиков; исходящих связей нет. Не seed/граница; конечный только в выборке."
100000006612238100,peripheral,0.00000000,22,0.37312500,"Порогов конкретных ролей не достиг: плательщиков 1, получателей 1, выход/вход 16%."
100000006638021100,peripheral,0.00000000,57,0.54733200,"Недостаточно наблюдений для роли; плательщиков 2, получателей 0. Граница depth=4: удержание неизвестно."
100000006641671100,transit,0.54924200,8,0.40139100,"Объёмный транзит: выход/вход 114% в [80%; 120%]; плательщиков 2, получателей 1. Не seed/граница."
100000006656003100,peripheral,0.00000000,22,0.18882700,"Порогов конкретных ролей не достиг: плательщиков 1, получателей 1, выход/вход 45%."
100000006658598100,terminal,0.66621300,16,0.18378600,"Вход 9,000 KZT от 1 плательщиков; исходящих связей нет. Не seed/граница; конечный только в выборке."
100000006664478100,transit,0.64393900,46,0.44433500,"Объёмный транзит: выход/вход 109% в [80%; 120%]; плательщиков 1, получателей 2. Не seed/граница."
100000006679055100,terminal,0.66621300,2,0.33426300,"Вход 25,000 KZT от 1 плательщиков; исходящих связей нет. Не seed/граница; конечный только в выборке."
100000006684930100,terminal,0.66621300,12,0.31966800,"Вход 10,000 KZT от 1 плательщиков; исходящих связей нет. Не seed/граница; конечный только в выборке."
100000006687202100,terminal,0.66621300,0,0.24076500,"Вход 50,000 KZT от 1 плательщиков; исходящих связей нет. Не seed/граница; конечный только в выборке."
100000006689603100,peripheral,0.00000000,8,0.35907000,"Недостаточно наблюдений для роли; плательщиков 1, получателей 0. Граница depth=4: удержание неизвестно."
100000006693788100,peripheral,0.00000000,0,0.27333600,"Недостаточно наблюдений для роли; плательщиков 1, получателей 0. Граница depth=4: удержание неизвестно."
100000006701983100,terminal,0.66621300,22,0.18378900,"Вход 27,000 KZT от 1 плательщиков; исходящих связей нет. Не seed/граница; конечный только в выборке."
100000006704530100,transit,0.58342600,14,0.60829500,"Объёмный транзит: выход/вход 95% в [80%; 120%]; плательщиков 1, получателей 3. Не seed/граница."
100000006706519100,peripheral,0.00000000,0,0.37678700,"Недостаточно наблюдений для роли; плательщиков 1, получателей 0. Граница depth=4: удержание неизвестно."
100000006707582100,distributor,0.77374600,18,0.76205300,"Получателей 14≥10; исходящих переводов 15≥10; выход 961,138 KZT."
100000006710485100,terminal,0.66621300,22,0.15601900,"Вход 20,000 KZT от 1 плательщиков; исходящих связей нет. Не seed/граница; конечный только в выборке."
100000006714366100,peripheral,0.00000000,12,0.32989600,"Порогов конкретных ролей не достиг: плательщиков 1, получателей 1, выход/вход 48%."
100000006734214100,consolidator,0.82274800,10,0.82289500,"Плательщиков 5≥3; вход 610,000 KZT; выход/вход 6%≤20%. Не seed/граница."
100000006734554100,peripheral,0.00000000,27,0.27674600,"Порогов конкретных ролей не достиг: плательщиков 1, получателей 1, выход/вход 152%."
100000006735545100,peripheral,0.00000000,8,0.25588700,"Недостаточно наблюдений для роли; плательщиков 1, получателей 0. Граница depth=4: удержание неизвестно."
100000006745291100,terminal,0.66621300,11,0.41316300,"Вход 82,534 KZT от 1 плательщиков; исходящих связей нет. Не seed/граница; конечный только в выборке."
100000006746688100,terminal,0.66621300,22,0.21483500,"Вход 41,000 KZT от 1 плательщиков; исходящих связей нет. Не seed/граница; конечный только в выборке."
100000006755850100,terminal,0.82104100,10,0.59031300,"Вход 443,476 KZT от 1 плательщиков; исходящих связей нет. Не seed/граница; конечный только в выборке."
100000006756956100,peripheral,0.00000000,0,0.42493100,"Недостаточно наблюдений для роли; плательщиков 1, получателей 0. Граница depth=4: удержание неизвестно."
100000006787636100,terminal,0.66621300,5,0.26230000,"Вход 20,000 KZT от 1 плательщиков; исходящих связей нет. Не seed/граница; конечный только в выборке."
100000006788200100,peripheral,0.00000000,1,0.75372600,"Порогов конкретных ролей не достиг: плательщиков 4, получателей 3, выход/вход 24%."
100000006789108100,terminal,0.66621300,11,0.34905300,"Вход 37,500 KZT от 1 плательщиков; исходящих связей нет. Не seed/граница; конечный только в выборке."
100000006831291100,peripheral,0.00000000,81,0.05151600,"Недостаточно наблюдений для роли; плательщиков 0, получателей 1. Seed: вход неполный."
100000006844004100,terminal,0.66621300,0,0.30509900,"Вход 20,600 KZT от 1 плательщиков; исходящих связей нет. Не seed/граница; конечный только в выборке."
100000006844768100,peripheral,0.00000000,0,0.72388200,"Порогов конкретных ролей не достиг: плательщиков 1, получателей 2, выход/вход 67%."
100000006852430100,terminal,0.66621300,11,0.47572000,"Вход 37,000 KZT от 1 плательщиков; исходящих связей нет. Не seed/граница; конечный только в выборке."
100000006866783100,coordinator,0.63787400,0,0.94716200,Seed-предков 3≥2; входящих 13≥3; исходящих 67≥2; ранг посредничества 99.6%≥90%. Seed: вход неполный.
100000006866831100,peripheral,0.00000000,0,0.25727500,"Недостаточно наблюдений для роли; плательщиков 1, получателей 0. Граница depth=4: удержание неизвестно."
100000006882208100,terminal,0.66621300,16,0.38306800,"Вход 18,000 KZT от 1 плательщиков; исходящих связей нет. Не seed/граница; конечный только в выборке."
100000006888238100,peripheral,0.00000000,50,0.36311800,"Порогов конкретных ролей не достиг: плательщиков 1, получателей 1, выход/вход 167%."
100000006889963100,peripheral,0.00000000,10,0.75686400,"Порогов конкретных ролей не достиг: плательщиков 4, получателей 1, выход/вход 31%."
100000006894637100,terminal,0.66621300,0,0.21977000,"Вход 52,831 KZT от 1 плательщиков; исходящих связей нет. Не seed/граница; конечный только в выборке."
100000006901046100,peripheral,0.00000000,16,0.42229500,"Порогов конкретных ролей не достиг: плательщиков 1, получателей 1, выход/вход 7%."
100000006903193100,peripheral,0.00000000,0,0.25781000,"Недостаточно наблюдений для роли; плательщиков 1, получателей 0. Граница depth=4: удержание неизвестно."
100000006912294100,peripheral,0.00000000,4,0.37956800,"Порогов конкретных ролей не достиг: плательщиков 1, получателей 2, выход/вход 474%."
100000006918814100,peripheral,0.00000000,2,0.21977000,"Недостаточно наблюдений для роли; плательщиков 1, получателей 0. Граница depth=4: удержание неизвестно."
100000006919124100,terminal,0.66621300,0,0.22887300,"Вход 25,000 KZT от 1 плательщиков; исходящих связей нет. Не seed/граница; конечный только в выборке."
100000006952718100,terminal,0.66621300,16,0.32322000,"Вход 71,489 KZT от 1 плательщиков; исходящих связей нет. Не seed/граница; конечный только в выборке."
100000006965162100,terminal,0.66621300,15,0.20061300,"Вход 10,000 KZT от 1 плательщиков; исходящих связей нет. Не seed/граница; конечный только в выборке."
100000006967370100,peripheral,0.00000000,28,0.29516900,"Порогов конкретных ролей не достиг: плательщиков 1, получателей 1, выход/вход 41%."
100000006972210100,consolidator,0.72919300,4,0.58888900,"Плательщиков 3≥3; вход 488,775 KZT; выход/вход 0%≤20%. Не seed/граница."
100000006977207100,distributor,0.82125400,8,0.61365100,"Получателей 15≥10; исходящих переводов 15≥10; выход 4,157,018 KZT."
100000006989106100,terminal,0.78853900,1,0.34763000,"Вход 64,000 KZT от 1 плательщиков; исходящих связей нет. Не seed/граница; конечный только в выборке."
100000006989232100,terminal,0.66621300,0,0.15121900,"Вход 22,194 KZT от 1 плательщиков; исходящих связей нет. Не seed/граница; конечный только в выборке."
100000006994985100,peripheral,0.00000000,1,0.54241000,"Порогов конкретных ролей не достиг: плательщиков 1, получателей 1, выход/вход 21%."
100000007005380100,terminal,0.66621300,10,0.18764700,"Вход 9,400 KZT от 1 плательщиков; исходящих связей нет. Не seed/граница; конечный только в выборке."
100000007018630100,peripheral,0.00000000,37,0.16959600,"Недостаточно наблюдений для роли; плательщиков 0, получателей 1. Seed: вход неполный."
100000007020162100,terminal,0.66621300,40,0.29872900,"Вход 86,395 KZT от 1 плательщиков; исходящих связей нет. Не seed/граница; конечный только в выборке."
100000007022818100,terminal,0.66621300,22,0.14381600,"Вход 17,200 KZT от 1 плательщиков; исходящих связей нет. Не seed/граница; конечный только в выборке."
100000007034089100,peripheral,0.00000000,4,0.46595100,"Недостаточно наблюдений для роли; плательщиков 2, получателей 0. Граница depth=4: удержание неизвестно."
100000007042175100,peripheral,0.00000000,0,0.42846900,"Недостаточно наблюдений для роли; плательщиков 1, получателей 0. Граница depth=4: удержание неизвестно."
100000007055802100,peripheral,0.00000000,0,0.70809000,"Порогов конкретных ролей не достиг: плательщиков 6, получателей 1, выход/вход 30%."
100000007071852100,peripheral,0.00000000,8,0.45861700,"Недостаточно наблюдений для роли; плательщиков 1, получателей 0. Граница depth=4: удержание неизвестно."
100000007129492100,peripheral,0.00000000,11,0.55628500,"Порогов конкретных ролей не достиг: плательщиков 2, получателей 1, выход/вход 73%."
100000007131370100,transit,0.66666700,3,0.47891500,"Объёмный транзит: выход/вход 100% в [80%; 120%]; плательщиков 1, получателей 1. Не seed/граница."
100000007138613100,consolidator,0.45161900,0,0.73944100,"Плательщиков 3≥3; вход 1,002,000 KZT; выход/вход 18%≤20%. Не seed/граница."
100000007140834100,terminal,0.78853900,1,0.29370400,"Вход 10,200 KZT от 1 плательщиков; исходящих связей нет. Не seed/граница; конечный только в выборке."
100000007153161100,peripheral,0.00000000,0,0.40729400,"Недостаточно наблюдений для роли; плательщиков 1, получателей 0. Граница depth=4: удержание неизвестно."
100000007170072100,transit,0.65833300,8,0.46747700,"Объёмный транзит: выход/вход 100% в [80%; 120%]; плательщиков 1, получателей 2. Не seed/граница."
100000007173936100,terminal,0.66621300,33,0.22502100,"Вход 10,000 KZT от 1 плательщиков; исходящих связей нет. Не seed/граница; конечный только в выборке."
100000007175718100,terminal,0.66621300,52,0.21784000,"Вход 20,000 KZT от 1 плательщиков; исходящих связей нет. Не seed/граница; конечный только в выборке."
100000007181706100,terminal,0.85520600,2,0.51695900,"Вход 176,272 KZT от 2 плательщиков; исходящих связей нет. Не seed/граница; конечный только в выборке."
100000007197866100,peripheral,0.00000000,8,0.24456300,"Порогов конкретных ролей не достиг: плательщиков 1, получателей 1, выход/вход 75%."
100000007229557100,consolidator,0.71958300,35,0.60347200,"Плательщиков 3≥3; вход 878,000 KZT; выход/вход 0%≤20%. Не seed/граница."
100000007242833100,peripheral,0.00000000,7,0.58655100,"Порогов конкретных ролей не достиг: плательщиков 1, получателей 1, выход/вход 42%."
100000007267915100,peripheral,0.00000000,28,0.27597700,"Порогов конкретных ролей не достиг: плательщиков 2, получателей 1, выход/вход 48%."
100000007274584100,terminal,0.66621300,2,0.35000300,"Вход 38,000 KZT от 1 плательщиков; исходящих связей нет. Не seed/граница; конечный только в выборке."
100000007281639100,terminal,0.90212300,16,0.50700700,"Вход 216,770 KZT от 2 плательщиков; исходящих связей нет. Не seed/граница; конечный только в выборке."
100000007283257100,terminal,0.85129900,71,0.37329100,"Вход 192,000 KZT от 1 плательщиков; исходящих связей нет. Не seed/граница; конечный только в выборке."
100000007289427100,terminal,0.66621300,2,0.24749500,"Вход 12,300 KZT от 1 плательщиков; исходящих связей нет. Не seed/граница; конечный только в выборке."
100000007303047100,terminal,0.66621300,22,0.23933000,"Вход 52,250 KZT от 1 плательщиков; исходящих связей нет. Не seed/граница; конечный только в выборке."
100000007311010100,peripheral,0.00000000,2,0.58564300,"Порогов конкретных ролей не достиг: плательщиков 2, получателей 1, выход/вход 31%."
100000007322059100,peripheral,0.00000000,41,0.52299000,"Порогов конкретных ролей не достиг: плательщиков 2, получателей 1, выход/вход 78%."
100000007330432100,peripheral,0.00000000,51,0.43699700,"Недостаточно наблюдений для роли; плательщиков 1, получателей 0. Граница depth=4: удержание неизвестно."
100000007333038100,peripheral,0.00000000,24,0.31937700,"Порогов конкретных ролей не достиг: плательщиков 1, получателей 2, выход/вход 200%."
100000007334196100,terminal,0.66621300,11,0.46026900,"Вход 150,002 KZT от 1 плательщиков; исходящих связей нет. Не seed/граница; конечный только в выборке."
100000007337374100,terminal,0.78853900,22,0.18181500,"Вход 20,000 KZT от 1 плательщиков; исходящих связей нет. Не seed/граница; конечный только в выборке."
100000007347733100,terminal,0.66621300,81,0.26418400,"Вход 23,007 KZT от 1 плательщиков; исходящих связей нет. Не seed/граница; конечный только в выборке."
100000007357489100,peripheral,0.00000000,4,0.44818500,"Недостаточно наблюдений для роли; плательщиков 2, получателей 0. Граница depth=4: удержание неизвестно."
100000007381662100,peripheral,0.00000000,0,0.25161900,"Недостаточно наблюдений для роли; плательщиков 1, получателей 0. Граница depth=4: удержание неизвестно."
100000007382152100,terminal,0.66621300,0,0.17759400,"Вход 5,860 KZT от 1 плательщиков; исходящих связей нет. Не seed/граница; конечный только в выборке."
100000007382543100,peripheral,0.00000000,15,0.76176500,"Порогов конкретных ролей не достиг: плательщиков 3, получателей 5, выход/вход 196%."
100000007390016100,peripheral,0.00000000,82,0.59874400,"Порогов конкретных ролей не достиг: плательщиков 1, получателей 1, выход/вход 68%."
100000007392365100,peripheral,0.00000000,62,0.60137100,"Порогов конкретных ролей не достиг: плательщиков 1, получателей 6, выход/вход 18367%."
100000007442518100,peripheral,0.00000000,33,0.92217200,"Порогов конкретных ролей не достиг: плательщиков 5, получателей 9, выход/вход 867%."
100000007472293100,peripheral,0.00000000,57,0.56785000,"Порогов конкретных ролей не достиг: плательщиков 1, получателей 3, выход/вход 6918%."
100000007484343100,terminal,0.85520600,0,0.29627800,"Вход 26,757 KZT от 2 плательщиков; исходящих связей нет. Не seed/граница; конечный только в выборке."
100000007487729100,terminal,0.66621300,0,0.20240700,"Вход 25,000 KZT от 1 плательщиков; исходящих связей нет. Не seed/граница; конечный только в выборке."
100000007507343100,terminal,0.66621300,55,0.43861200,"Вход 370,000 KZT от 1 плательщиков; исходящих связей нет. Не seed/граница; конечный только в выборке."
100000007510567100,peripheral,0.00000000,18,0.34462000,"Недостаточно наблюдений для роли; плательщиков 1, получателей 0. Граница depth=4: удержание неизвестно."
100000007510875100,terminal,0.66621300,4,0.22246100,"Вход 5,000 KZT от 1 плательщиков; исходящих связей нет. Не seed/граница; конечный только в выборке."
100000007511163100,peripheral,0.00000000,16,0.67213700,"Порогов конкретных ролей не достиг: плательщиков 2, получателей 3, выход/вход 129%."
100000007511780100,peripheral,0.00000000,0,0.40106200,"Недостаточно наблюдений для роли; плательщиков 1, получателей 0. Граница depth=4: удержание неизвестно."
100000007534354100,peripheral,0.00000000,18,0.41247700,"Порогов конкретных ролей не достиг: плательщиков 1, получателей 3, выход/вход 296%."
100000007536804100,peripheral,0.00000000,1,0.32355300,"Порогов конкретных ролей не достиг: плательщиков 1, получателей 2, выход/вход 55%."
100000007539296100,peripheral,0.00000000,10,0.34641800,"Недостаточно наблюдений для роли; плательщиков 1, получателей 0. Граница depth=4: удержание неизвестно."
100000007544358100,transit,0.65568500,16,0.59724700,"Объёмный транзит: выход/вход 109% в [80%; 120%]; плательщиков 2, получателей 1. Не seed/граница."
100000007591246100,peripheral,0.00000000,12,0.40267300,"Порогов конкретных ролей не достиг: плательщиков 1, получателей 1, выход/вход 984%."
100000007593823100,coordinator,0.87571000,0,0.72935200,Seed-предков 4≥2; входящих 3≥3; исходящих 13≥2; ранг посредничества 91.9%≥90%.
100000007594394100,peripheral,0.00000000,43,0.75188200,"Порогов конкретных ролей не достиг: плательщиков 6, получателей 1, выход/вход 854%."
100000007597382100,terminal,0.66621300,10,0.23578800,"Вход 15,700 KZT от 1 плательщиков; исходящих связей нет. Не seed/граница; конечный только в выборке."
100000007617808100,terminal,0.66621300,16,0.52555200,"Вход 450,000 KZT от 1 плательщиков; исходящих связей нет. Не seed/граница; конечный только в выборке."
100000007618425100,terminal,0.66621300,28,0.22730700,"Вход 39,348 KZT от 1 плательщиков; исходящих связей нет. Не seed/граница; конечный только в выборке."
100000007629096100,peripheral,0.00000000,0,0.71200400,"Порогов конкретных ролей не достиг: плательщиков 4, получателей 1, выход/вход 71%."
100000007629121100,terminal,0.66621300,2,0.42649500,"Вход 29,000 KZT от 1 плательщиков; исходящих связей нет. Не seed/граница; конечный только в выборке."
100000007631637100,terminal,0.66621300,22,0.14439900,"Вход 15,341 KZT от 1 плательщиков; исходящих связей нет. Не seed/граница; конечный только в выборке."
100000007639767100,coordinator,0.75107100,0,0.77446600,Seed-предков 2≥2; входящих 4≥3; исходящих 10≥2; ранг посредничества 97.6%≥90%.
100000007641183100,terminal,0.66621300,16,0.24722200,"Вход 28,000 KZT от 1 плательщиков; исходящих связей нет. Не seed/граница; конечный только в выборке."
100000007641801100,terminal,0.66621300,1,0.30487500,"Вход 200,000 KZT от 1 плательщиков; исходящих связей нет. Не seed/граница; конечный только в выборке."
100000007647294100,terminal,0.66621300,38,0.43475400,"Вход 385,000 KZT от 1 плательщиков; исходящих связей нет. Не seed/граница; конечный только в выборке."
100000007648946100,peripheral,0.00000000,12,0.22875800,"Порогов конкретных ролей не достиг: плательщиков 1, получателей 1, выход/вход 128%."
100000007653003100,terminal,0.66621300,28,0.29128100,"Вход 100,000 KZT от 1 плательщиков; исходящих связей нет. Не seed/граница; конечный только в выборке."
100000007653094100,peripheral,0.00000000,12,0.43012800,"Недостаточно наблюдений для роли; плательщиков 1, получателей 0. Граница depth=4: удержание неизвестно."
100000007689942100,peripheral,0.00000000,43,0.47263700,"Порогов конкретных ролей не достиг: плательщиков 1, получателей 2, выход/вход 500%."
100000007731977100,peripheral,0.00000000,0,0.37360200,"Недостаточно наблюдений для роли; плательщиков 1, получателей 0. Граница depth=4: удержание неизвестно."
100000007737775100,terminal,0.66621300,11,0.25534200,"Вход 6,000 KZT от 1 плательщиков; исходящих связей нет. Не seed/граница; конечный только в выборке."
100000007745062100,peripheral,0.00000000,7,0.46445000,"Недостаточно наблюдений для роли; плательщиков 1, получателей 0. Граница depth=4: удержание неизвестно."
100000007747786100,distributor,0.69200600,1,0.29726400,"Получателей 31≥10; исходящих переводов 35≥10; выход 4,238,009 KZT. Seed: вход неполный."
100000007749092100,peripheral,0.00000000,16,0.41637300,"Порогов конкретных ролей не достиг: плательщиков 1, получателей 1, выход/вход 920%."
100000007749747100,peripheral,0.00000000,42,0.32955000,"Недостаточно наблюдений для роли; плательщиков 1, получателей 0. Граница depth=4: удержание неизвестно."
100000007754369100,terminal,0.66621300,0,0.25243000,"Вход 82,424 KZT от 1 плательщиков; исходящих связей нет. Не seed/граница; конечный только в выборке."
100000007777377100,peripheral,0.00000000,16,0.74110200,"Порогов конкретных ролей не достиг: плательщиков 1, получателей 2, выход/вход 2%."
100000007793871100,terminal,0.82104100,18,0.44090300,"Вход 26,000 KZT от 1 плательщиков; исходящих связей нет. Не seed/граница; конечный только в выборке."
100000007797290100,peripheral,0.00000000,0,0.44491900,"Порогов конкретных ролей не достиг: плательщиков 1, получателей 1, выход/вход 20%."
100000007811950100,peripheral,0.00000000,13,0.34946900,"Недостаточно наблюдений для роли; плательщиков 1, получателей 0. Граница depth=4: удержание неизвестно."
100000007841978100,peripheral,0.00000000,10,0.53018000,"Недостаточно наблюдений для роли; плательщиков 1, получателей 0. Граница depth=4: удержание неизвестно."
100000007861311100,terminal,0.66621300,1,0.30182400,"Вход 45,000 KZT от 1 плательщиков; исходящих связей нет. Не seed/граница; конечный только в выборке."
100000007863304100,terminal,0.66621300,10,0.26100100,"Вход 25,000 KZT от 1 плательщиков; исходящих связей нет. Не seed/граница; конечный только в выборке."
100000007864477100,peripheral,0.00000000,0,0.66996300,"Порогов конкретных ролей не достиг: плательщиков 2, получателей 6, выход/вход 268%."
100000007865484100,peripheral,0.00000000,62,0.47701100,"Недостаточно наблюдений для роли; плательщиков 1, получателей 0. Граница depth=4: удержание неизвестно."
100000007867364100,peripheral,0.00000000,43,0.31954500,"Недостаточно наблюдений для роли; плательщиков 1, получателей 0. Граница depth=4: удержание неизвестно."
100000007898453100,peripheral,0.00000000,2,0.65843100,"Порогов конкретных ролей не достиг: плательщиков 1, получателей 2, выход/вход 1293%."
100000007908818100,peripheral,0.00000000,8,0.88043800,"Порогов конкретных ролей не достиг: плательщиков 4, получателей 6, выход/вход 42%."
100000007930878100,terminal,0.66621300,23,0.24695700,"Вход 5,000 KZT от 1 плательщиков; исходящих связей нет. Не seed/граница; конечный только в выборке."
100000007938486100,terminal,0.66621300,22,0.22264100,"Вход 39,500 KZT от 1 плательщиков; исходящих связей нет. Не seed/граница; конечный только в выборке."
100000007939160100,peripheral,0.00000000,23,0.51991100,"Порогов конкретных ролей не достиг: плательщиков 1, получателей 2, выход/вход 2%."
100000007953156100,peripheral,0.00000000,40,0.49592800,"Порогов конкретных ролей не достиг: плательщиков 1, получателей 1, выход/вход 56%."
100000007960337100,peripheral,0.00000000,8,0.35673900,"Недостаточно наблюдений для роли; плательщиков 1, получателей 0. Граница depth=4: удержание неизвестно."
100000007982728100,peripheral,0.00000000,1,0.28420500,"Недостаточно наблюдений для роли; плательщиков 0, получателей 8. Seed: вход неполный."
100000007982908100,terminal,0.66621300,22,0.22291000,"Вход 31,080 KZT от 1 плательщиков; исходящих связей нет. Не seed/граница; конечный только в выборке."
100000007988344100,peripheral,0.00000000,0,0.34538300,"Недостаточно наблюдений для роли; плательщиков 1, получателей 0. Граница depth=4: удержание неизвестно."
100000007997939100,peripheral,0.00000000,4,0.31729800,"Недостаточно наблюдений для роли; плательщиков 1, получателей 0. Граница depth=4: удержание неизвестно."
100000007998965100,consolidator,0.76613400,18,0.69533200,"Плательщиков 5≥3; вход 278,000 KZT; выход/вход 9%≤20%. Не seed/граница."
100000007999728100,terminal,0.66621300,40,0.18782700,"Вход 23,250 KZT от 1 плательщиков; исходящих связей нет. Не seed/граница; конечный только в выборке."
100000008002020100,peripheral,0.00000000,7,0.31574800,"Порогов конкретных ролей не достиг: плательщиков 1, получателей 1, выход/вход 23%."
100000008003034100,peripheral,0.00000000,12,0.57543200,"Порогов конкретных ролей не достиг: плательщиков 1, получателей 4, выход/вход 1106%."
100000008008463100,terminal,0.66621300,1,0.24964800,"Вход 54,180 KZT от 1 плательщиков; исходящих связей нет. Не seed/граница; конечный только в выборке."
100000008011159100,peripheral,0.00000000,63,0.77746200,"Порогов конкретных ролей не достиг: плательщиков 3, получателей 5, выход/вход 42%."
100000008011573100,terminal,0.66621300,28,0.14650800,"Вход 15,000 KZT от 1 плательщиков; исходящих связей нет. Не seed/граница; конечный только в выборке."
100000008027922100,peripheral,0.00000000,29,0.35166700,"Недостаточно наблюдений для роли; плательщиков 1, получателей 0. Граница depth=4: удержание неизвестно."
100000008028628100,terminal,0.66621300,22,0.25727500,"Вход 57,224 KZT от 1 плательщиков; исходящих связей нет. Не seed/граница; конечный только в выборке."
100000008029279100,terminal,0.66621300,8,0.15081500,"Вход 17,000 KZT от 1 плательщиков; исходящих связей нет. Не seed/граница; конечный только в выборке."
100000008038077100,terminal,0.78853900,10,0.45768200,"Вход 499,850 KZT от 1 плательщиков; исходящих связей нет. Не seed/граница; конечный только в выборке."
100000008042075100,terminal,0.66621300,21,0.13892600,"Вход 5,000 KZT от 1 плательщиков; исходящих связей нет. Не seed/граница; конечный только в выборке."
100000008043184100,terminal,0.66621300,28,0.23627900,"Вход 50,564 KZT от 1 плательщиков; исходящих связей нет. Не seed/граница; конечный только в выборке."
100000008050986100,peripheral,0.00000000,10,0.41555500,"Недостаточно наблюдений для роли; плательщиков 1, получателей 0. Граница depth=4: удержание неизвестно."
100000008055972100,terminal,0.66621300,22,0.18643600,"Вход 28,300 KZT от 1 плательщиков; исходящих связей нет. Не seed/граница; конечный только в выборке."
100000008060273100,terminal,0.78853900,8,0.32493500,"Вход 10,000 KZT от 1 плательщиков; исходящих связей нет. Не seed/граница; конечный только в выборке."
100000008066326100,terminal,0.66621300,0,0.15794800,"Вход 19,320 KZT от 1 плательщиков; исходящих связей нет. Не seed/граница; конечный только в выборке."
100000008070101100,terminal,0.66621300,4,0.33461600,"Вход 100,000 KZT от 1 плательщиков; исходящих связей нет. Не seed/граница; конечный только в выборке."
100000008071620100,terminal,0.66621300,0,0.23278000,"Вход 46,968 KZT от 1 плательщиков; исходящих связей нет. Не seed/граница; конечный только в выборке."
100000008071749100,peripheral,0.00000000,18,0.27817800,"Недостаточно наблюдений для роли; плательщиков 1, получателей 0. Граница depth=4: удержание неизвестно."
100000008074304100,peripheral,0.00000000,10,0.32372000,"Недостаточно наблюдений для роли; плательщиков 1, получателей 0. Граница depth=4: удержание неизвестно."
100000008077552100,terminal,0.66621300,8,0.35435900,"Вход 214,000 KZT от 1 плательщиков; исходящих связей нет. Не seed/граница; конечный только в выборке."
100000008086440100,transit,0.34596400,0,0.66304600,"Объёмный транзит: выход/вход 81% в [80%; 120%]; плательщиков 1, получателей 5. Не seed/граница."
100000008088082100,peripheral,0.00000000,12,0.44698900,"Порогов конкретных ролей не достиг: плательщиков 1, получателей 1, выход/вход 128%."
100000008094734100,consolidator,0.81252600,0,0.55444900,"Плательщиков 4≥3; вход 236,249 KZT; выход/вход 0%≤20%. Не seed/граница."
100000008097580100,terminal,0.90212300,8,0.38730900,"Вход 32,000 KZT от 2 плательщиков; исходящих связей нет. Не seed/граница; конечный только в выборке."
100000008104567100,coordinator,0.65423200,18,0.74250400,Seed-предков 2≥2; входящих 3≥3; исходящих 3≥2; ранг посредничества 96.4%≥90%.
100000008106997100,peripheral,0.00000000,0,0.45099600,"Порогов конкретных ролей не достиг: плательщиков 2, получателей 1, выход/вход 58%."
100000008111003100,consolidator,0.75761000,0,0.76981800,"Плательщиков 6≥3; вход 222,716 KZT; выход/вход 16%≤20%. Не seed/граница."
100000008116374100,terminal,0.66621300,16,0.25816900,"Вход 31,284 KZT от 1 плательщиков; исходящих связей нет. Не seed/граница; конечный только в выборке."
100000008117324100,peripheral,0.00000000,83,0.00000000,"Недостаточно наблюдений для роли; плательщиков 0, получателей 0. Нет рёбер: недостаточно наблюдений."
100000008121806100,peripheral,0.00000000,8,0.58509900,"Порогов конкретных ролей не достиг: плательщиков 1, получателей 4, выход/вход 371%."
100000008129393100,terminal,0.66621300,81,0.20451600,"Вход 10,000 KZT от 1 плательщиков; исходящих связей нет. Не seed/граница; конечный только в выборке."
100000008130868100,peripheral,0.00000000,24,0.28930700,"Недостаточно наблюдений для роли; плательщиков 1, получателей 0. Граница depth=4: удержание неизвестно."
100000008136608100,peripheral,0.00000000,18,0.40550300,"Недостаточно наблюдений для роли; плательщиков 1, получателей 0. Граница depth=4: удержание неизвестно."
100000008137435100,peripheral,0.00000000,29,0.68951300,"Порогов конкретных ролей не достиг: плательщиков 2, получателей 6, выход/вход 1512%."
100000008141170100,terminal,0.66621300,16,0.29020500,"Вход 11,000 KZT от 1 плательщиков; исходящих связей нет. Не seed/граница; конечный только в выборке."
100000008144528100,consolidator,0.91344800,16,0.66193100,"Плательщиков 5≥3; вход 1,068,203 KZT; выход/вход 0%≤20%. Не seed/граница."
100000008151098100,peripheral,0.00000000,14,0.24969300,"Недостаточно наблюдений для роли; плательщиков 1, получателей 0. Граница depth=4: удержание неизвестно."
100000008165763100,distributor,0.87048300,2,0.94888300,"Получателей 17≥10; исходящих переводов 17≥10; выход 1,267,858 KZT."
100000008168850100,peripheral,0.00000000,10,0.50752500,"Недостаточно наблюдений для роли; плательщиков 1, получателей 0. Граница depth=4: удержание неизвестно."
100000008169544100,peripheral,0.00000000,16,0.60554600,"Порогов конкретных ролей не достиг: плательщиков 1, получателей 4, выход/вход 31%."
100000008172352100,peripheral,0.00000000,41,0.76681800,"Порогов конкретных ролей не достиг: плательщиков 3, получателей 7, выход/вход 321%."
100000008172721100,peripheral,0.00000000,8,0.37185600,"Недостаточно наблюдений для роли; плательщиков 1, получателей 0. Граница depth=4: удержание неизвестно."
100000008173359100,terminal,0.66621300,16,0.17687700,"Вход 6,110 KZT от 1 плательщиков; исходящих связей нет. Не seed/граница; конечный только в выборке."
100000008174521100,terminal,0.66621300,16,0.46046300,"Вход 82,110 KZT от 1 плательщиков; исходящих связей нет. Не seed/граница; конечный только в выборке."
100000008175078100,peripheral,0.00000000,20,0.54749800,"Недостаточно наблюдений для роли; плательщиков 1, получателей 0. Граница depth=4: удержание неизвестно."
100000008183752100,peripheral,0.00000000,35,0.38365500,"Недостаточно наблюдений для роли; плательщиков 1, получателей 0. Граница depth=4: удержание неизвестно."
100000008188026100,peripheral,0.00000000,3,0.67091500,"Порогов конкретных ролей не достиг: плательщиков 2, получателей 4, выход/вход 391%."
100000008190411100,peripheral,0.00000000,48,0.38154600,"Недостаточно наблюдений для роли; плательщиков 1, получателей 0. Граница depth=4: удержание неизвестно."
100000008190442100,terminal,0.66621300,22,0.12797900,"Вход 13,000 KZT от 1 плательщиков; исходящих связей нет. Не seed/граница; конечный только в выборке."
100000008192264100,transit,0.40972100,10,0.46331900,"Объёмный транзит: выход/вход 115% в [80%; 120%]; плательщиков 1, получателей 1. Не seed/граница."
100000008193258100,peripheral,0.00000000,28,0.34662700,"Порогов конкретных ролей не достиг: плательщиков 1, получателей 1, выход/вход 40%."
100000008193577100,peripheral,0.00000000,9,0.60457000,"Порогов конкретных ролей не достиг: плательщиков 2, получателей 5, выход/вход 311%."
100000008200810100,terminal,0.66621300,24,0.43134100,"Вход 475,000 KZT от 1 плательщиков; исходящих связей нет. Не seed/граница; конечный только в выборке."
100000008205000100,peripheral,0.00000000,84,0.00000000,"Недостаточно наблюдений для роли; плательщиков 0, получателей 0. Нет рёбер: недостаточно наблюдений."
100000008205937100,terminal,0.82104100,12,0.42061000,"Вход 35,000 KZT от 1 плательщиков; исходящих связей нет. Не seed/граница; конечный только в выборке."
100000008213966100,peripheral,0.00000000,15,0.73345700,"Порогов конкретных ролей не достиг: плательщиков 3, получателей 1, выход/вход 234%."
100000008219168100,terminal,0.78853900,1,0.20631100,"Вход 53,200 KZT от 1 плательщиков; исходящих связей нет. Не seed/граница; конечный только в выборке."
100000008221543100,terminal,0.85520600,28,0.44863700,"Вход 542,000 KZT от 2 плательщиков; исходящих связей нет. Не seed/граница; конечный только в выборке."
100000008221765100,peripheral,0.00000000,10,0.50550600,"Недостаточно наблюдений для роли; плательщиков 1, получателей 0. Граница depth=4: удержание неизвестно."
100000008223661100,peripheral,0.00000000,42,0.72786600,"Порогов конкретных ролей не достиг: плательщиков 2, получателей 5, выход/вход 130%."
100000008223756100,terminal,0.85520600,8,0.50211000,"Вход 331,682 KZT от 2 плательщиков; исходящих связей нет. Не seed/граница; конечный только в выборке."
100000008229700100,peripheral,0.00000000,7,0.19528400,"Порогов конкретных ролей не достиг: плательщиков 1, получателей 1, выход/вход 31%."
100000008232832100,peripheral,0.00000000,42,0.56517900,"Порогов конкретных ролей не достиг: плательщиков 1, получателей 1, выход/вход 41%."
100000008237827100,terminal,0.66621300,2,0.35448900,"Вход 40,001 KZT от 1 плательщиков; исходящих связей нет. Не seed/граница; конечный только в выборке."
100000008238112100,terminal,0.66621300,10,0.38935500,"Вход 190,000 KZT от 1 плательщиков; исходящих связей нет. Не seed/граница; конечный только в выборке."
100000008238989100,terminal,0.78853900,29,0.34893100,"Вход 200,000 KZT от 1 плательщиков; исходящих связей нет. Не seed/граница; конечный только в выборке."
100000008244300100,consolidator,0.90379300,10,0.51469700,"Плательщиков 5≥3; вход 65,430 KZT; выход/вход 0%≤20%. Не seed/граница."
100000008251939100,peripheral,0.00000000,18,0.32698900,"Недостаточно наблюдений для роли; плательщиков 1, получателей 0. Граница depth=4: удержание неизвестно."
100000008254069100,peripheral,0.00000000,47,0.69760100,"Порогов конкретных ролей не достиг: плательщиков 1, получателей 5, выход/вход 1054%."
100000008254576100,peripheral,0.00000000,38,0.33392800,"Порогов конкретных ролей не достиг: плательщиков 1, получателей 1, выход/вход 750%."
100000008255655100,peripheral,0.00000000,28,0.25781300,"Недостаточно наблюдений для роли; плательщиков 1, получателей 0. Граница depth=4: удержание неизвестно."
100000008258083100,peripheral,0.00000000,33,0.83463900,"Порогов конкретных ролей не достиг: плательщиков 2, получателей 2, выход/вход 65%."
100000008258458100,peripheral,0.00000000,67,0.56567900,"Порогов конкретных ролей не достиг: плательщиков 1, получателей 2, выход/вход 8200%."
100000008259451100,terminal,0.66621300,40,0.26660700,"Вход 55,000 KZT от 1 плательщиков; исходящих связей нет. Не seed/граница; конечный только в выборке."
100000008279405100,terminal,0.78853900,8,0.35992200,"Вход 234,738 KZT от 1 плательщиков; исходящих связей нет. Не seed/граница; конечный только в выборке."
100000008283183100,terminal,0.66621300,22,0.21523800,"Вход 29,000 KZT от 1 плательщиков; исходящих связей нет. Не seed/граница; конечный только в выборке."
100000008289539100,terminal,0.66621300,3,0.26351400,"Вход 14,912 KZT от 1 плательщиков; исходящих связей нет. Не seed/граница; конечный только в выборке."
100000008293431100,peripheral,0.00000000,0,0.47120600,"Порогов конкретных ролей не достиг: плательщиков 1, получателей 5, выход/вход 1980%."
100000008295429100,terminal,0.66621300,10,0.43390400,"Вход 352,000 KZT от 1 плательщиков; исходящих связей нет. Не seed/граница; конечный только в выборке."
100000008297199100,terminal,0.66621300,0,0.30994100,"Вход 42,268 KZT от 1 плательщиков; исходящих связей нет. Не seed/граница; конечный только в выборке."
100000008304115100,terminal,0.66621300,7,0.23919500,"Вход 51,000 KZT от 1 плательщиков; исходящих связей нет. Не seed/граница; конечный только в выборке."
100000008304139100,coordinator,0.74255700,2,0.80296000,Seed-предков 2≥2; входящих 4≥3; исходящих 24≥2; ранг посредничества 94.7%≥90%.
100000008306857100,terminal,0.66621300,24,0.33744200,"Вход 125,000 KZT от 1 плательщиков; исходящих связей нет. Не seed/граница; конечный только в выборке."
100000008308418100,peripheral,0.00000000,0,0.40150700,"Недостаточно наблюдений для роли; плательщиков 1, получателей 0. Граница depth=4: удержание неизвестно."
100000008309514100,terminal,0.66621300,22,0.14381600,"Вход 17,200 KZT от 1 плательщиков; исходящих связей нет. Не seed/граница; конечный только в выборке."
100000008314203100,peripheral,0.00000000,42,0.62662000,"Недостаточно наблюдений для роли; плательщиков 2, получателей 2. Seed: вход неполный."
100000008314863100,terminal,0.66621300,2,0.34444100,"Вход 12,000 KZT от 1 плательщиков; исходящих связей нет. Не seed/граница; конечный только в выборке."
100000008321975100,peripheral,0.00000000,32,0.25574600,"Недостаточно наблюдений для роли; плательщиков 1, получателей 0. Граница depth=4: удержание неизвестно."
100000008324800100,transit,0.92640100,82,0.71028300,"Объёмный транзит: выход/вход 97% в [80%; 120%]; плательщиков 3, получателей 1. Не seed/граница."
100000008327791100,peripheral,0.00000000,28,0.27647700,"Недостаточно наблюдений для роли; плательщиков 1, получателей 0. Граница depth=4: удержание неизвестно."
100000008331280100,peripheral,0.00000000,14,0.27549000,"Недостаточно наблюдений для роли; плательщиков 1, получателей 0. Граница depth=4: удержание неизвестно."
100000008332511100,terminal,0.66621300,1,0.53573600,"Вход 100,000 KZT от 1 плательщиков; исходящих связей нет. Не seed/граница; конечный только в выборке."
100000008333492100,peripheral,0.00000000,57,0.38827600,"Недостаточно наблюдений для роли; плательщиков 1, получателей 0. Граница depth=4: удержание неизвестно."
100000008335401100,terminal,0.82104100,18,0.47064100,"Вход 150,000 KZT от 1 плательщиков; исходящих связей нет. Не seed/граница; конечный только в выборке."
100000008336318100,peripheral,0.00000000,4,0.34511700,"Недостаточно наблюдений для роли; плательщиков 1, получателей 0. Граница depth=4: удержание неизвестно."
100000008337304100,peripheral,0.00000000,8,0.34152800,"Недостаточно наблюдений для роли; плательщиков 1, получателей 0. Граница depth=4: удержание неизвестно."
100000008343415100,peripheral,0.00000000,8,0.43286600,"Недостаточно наблюдений для роли; плательщиков 1, получателей 0. Граница depth=4: удержание неизвестно."
100000008343874100,peripheral,0.00000000,8,0.63017700,"Порогов конкретных ролей не достиг: плательщиков 2, получателей 2, выход/вход 62%."
100000008346837100,coordinator,0.99975000,12,0.95140100,Seed-предков 6≥2; входящих 9≥3; исходящих 25≥2; ранг посредничества 99.9%≥90%.
100000008349675100,peripheral,0.00000000,1,0.21695300,"Порогов конкретных ролей не достиг: плательщиков 1, получателей 1, выход/вход 79%."
100000008349740100,peripheral,0.00000000,20,0.35440700,"Недостаточно наблюдений для роли; плательщиков 1, получателей 0. Граница depth=4: удержание неизвестно."
100000008352542100,terminal,0.66621300,2,0.43066700,"Вход 50,220 KZT от 1 плательщиков; исходящих связей нет. Не seed/граница; конечный только в выборке."
100000008356606100,terminal,0.85520600,12,0.45617400,"Вход 168,500 KZT от 2 плательщиков; исходящих связей нет. Не seed/граница; конечный только в выборке."
100000008376089100,terminal,0.66621300,33,0.41389500,"Вход 135,000 KZT от 1 плательщиков; исходящих связей нет. Не seed/граница; конечный только в выборке."
100000008376785100,peripheral,0.00000000,10,0.51416400,"Недостаточно наблюдений для роли; плательщиков 1, получателей 0. Граница depth=4: удержание неизвестно."
100000008379273100,transit,0.71759300,18,0.62721500,"Объёмный транзит: выход/вход 106% в [80%; 120%]; плательщиков 2, получателей 4. Не seed/граница."
100000008383405100,terminal,0.78853900,21,0.23435000,"Вход 25,000 KZT от 1 плательщиков; исходящих связей нет. Не seed/граница; конечный только в выборке."
100000008388049100,terminal,0.66621300,24,0.43394300,"Вход 496,400 KZT от 1 плательщиков; исходящих связей нет. Не seed/граница; конечный только в выборке."
100000008389800100,peripheral,0.00000000,16,0.72240200,"Порогов конкретных ролей не достиг: плательщиков 3, получателей 7, выход/вход 212%."
100000008405209100,terminal,0.66621300,28,0.24318800,"Вход 54,400 KZT от 1 плательщиков; исходящих связей нет. Не seed/граница; конечный только в выборке."
100000008406609100,terminal,0.66621300,47,0.30837400,"Вход 34,000 KZT от 1 плательщиков; исходящих связей нет. Не seed/граница; конечный только в выборке."
100000008413748100,distributor,0.90779500,28,0.81849500,"Получателей 18≥10; исходящих переводов 21≥10; выход 1,377,320 KZT."
100000008416433100,terminal,0.66621300,40,0.17544500,"Вход 20,000 KZT от 1 плательщиков; исходящих связей нет. Не seed/граница; конечный только в выборке."
100000008417029100,terminal,0.66621300,4,0.37508200,"Вход 100,000 KZT от 1 плательщиков; исходящих связей нет. Не seed/граница; конечный только в выборке."
100000008417359100,peripheral,0.00000000,28,0.31775900,"Порогов конкретных ролей не достиг: плательщиков 1, получателей 2, выход/вход 271%."
100000008418835100,peripheral,0.00000000,70,0.69627200,"Недостаточно наблюдений для роли; плательщиков 1, получателей 4. Seed: вход неполный."
100000008418934100,terminal,0.66621300,4,0.36548500,"Вход 360,000 KZT от 1 плательщиков; исходящих связей нет. Не seed/граница; конечный только в выборке."
100000008422226100,terminal,0.66621300,0,0.31496500,"Вход 87,450 KZT от 1 плательщиков; исходящих связей нет. Не seed/граница; конечный только в выборке."
100000008427027100,terminal,0.66621300,2,0.49702000,"Вход 300,000 KZT от 1 плательщиков; исходящих связей нет. Не seed/граница; конечный только в выборке."
100000008430691100,peripheral,0.00000000,51,0.49444400,"Порогов конкретных ролей не достиг: плательщиков 1, получателей 2, выход/вход 3024%."
100000008432942100,terminal,0.78853900,0,0.26175800,"Вход 44,542 KZT от 1 плательщиков; исходящих связей нет. Не seed/граница; конечный только в выборке."
100000008436257100,terminal,0.85520600,28,0.26712100,"Вход 35,000 KZT от 2 плательщиков; исходящих связей нет. Не seed/граница; конечный только в выборке."
100000008438656100,peripheral,0.00000000,2,0.57677000,"Порогов конкретных ролей не достиг: плательщиков 2, получателей 1, выход/вход 6%."
100000008443341100,peripheral,0.00000000,7,0.65700600,"Порогов конкретных ролей не достиг: плательщиков 2, получателей 3, выход/вход 145%."
100000008454065100,terminal,0.66621300,40,0.19173000,"Вход 24,050 KZT от 1 плательщиков; исходящих связей нет. Не seed/граница; конечный только в выборке."
100000008459449100,terminal,0.66621300,0,0.33398700,"Вход 53,700 KZT от 1 плательщиков; исходящих связей нет. Не seed/граница; конечный только в выборке."
100000008460102100,distributor,0.95799700,18,0.62493000,"Получателей 31≥10; исходящих переводов 34≥10; выход 476,570 KZT."
100000008461217100,peripheral,0.00000000,45,0.29765200,"Недостаточно наблюдений для роли; плательщиков 1, получателей 0. Граница depth=4: удержание неизвестно."
100000008461532100,peripheral,0.00000000,14,0.85428800,"Порогов конкретных ролей не достиг: плательщиков 2, получателей 8, выход/вход 448%."
100000008463968100,terminal,0.66621300,22,0.11694300,"Вход 10,000 KZT от 1 плательщиков; исходящих связей нет. Не seed/граница; конечный только в выборке."
100000008465789100,distributor,0.84739900,42,0.70878000,"Получателей 16≥10; исходящих переводов 17≥10; выход 1,858,100 KZT."
100000008466579100,distributor,0.88226200,42,0.80944400,"Получателей 17≥10; исходящих переводов 20≥10; выход 1,933,000 KZT."
100000008468762100,terminal,0.85520600,35,0.44639000,"Вход 170,000 KZT от 2 плательщиков; исходящих связей нет. Не seed/граница; конечный только в выборке."
100000008469048100,peripheral,0.00000000,0,0.53242400,"Недостаточно наблюдений для роли; плательщиков 1, получателей 0. Граница depth=4: удержание неизвестно."
100000008470470100,terminal,0.66621300,22,0.21016900,"Вход 33,547 KZT от 1 плательщиков; исходящих связей нет. Не seed/граница; конечный только в выборке."
100000008471634100,peripheral,0.00000000,13,0.32618500,"Недостаточно наблюдений для роли; плательщиков 1, получателей 0. Граница depth=4: удержание неизвестно."
100000008472324100,terminal,0.66621300,10,0.39621900,"Вход 205,200 KZT от 1 плательщиков; исходящих связей нет. Не seed/граница; конечный только в выборке."
100000008473207100,terminal,0.83545600,8,0.55634000,"Вход 202,000 KZT от 1 плательщиков; исходящих связей нет. Не seed/граница; конечный только в выборке."
100000008473765100,terminal,0.66621300,8,0.20034400,"Вход 30,000 KZT от 1 плательщиков; исходящих связей нет. Не seed/граница; конечный только в выборке."
100000008474308100,peripheral,0.00000000,7,0.28864700,"Порогов конкретных ролей не достиг: плательщиков 1, получателей 1, выход/вход 71%."
100000008474391100,terminal,0.66621300,29,0.35049700,"Вход 20,000 KZT от 1 плательщиков; исходящих связей нет. Не seed/граница; конечный только в выборке."
100000008477350100,coordinator,0.90573900,0,0.94526700,Seed-предков 3≥2; входящих 11≥3; исходящих 39≥2; ранг посредничества 97.7%≥90%.
100000008478414100,terminal,0.66621300,22,0.13278000,"Вход 10,000 KZT от 1 плательщиков; исходящих связей нет. Не seed/граница; конечный только в выборке."
100000008486520100,peripheral,0.00000000,16,0.34747600,"Порогов конкретных ролей не достиг: плательщиков 1, получателей 1, выход/вход 39%."
100000008488166100,terminal,0.66621300,22,0.10294600,"Вход 5,600 KZT от 1 плательщиков; исходящих связей нет. Не seed/граница; конечный только в выборке."
100000008489604100,terminal,0.66621300,22,0.12214700,"Вход 11,000 KZT от 1 плательщиков; исходящих связей нет. Не seed/граница; конечный только в выборке."
100000008489922100,coordinator,0.79071400,4,0.91340800,Seed-предков 3≥2; входящих 3≥3; исходящих 36≥2; ранг посредничества 92.7%≥90%.
100000008490127100,peripheral,0.00000000,10,0.70101800,"Порогов конкретных ролей не достиг: плательщиков 1, получателей 6, выход/вход 214%."
100000008491390100,terminal,0.66621300,0,0.25135000,"Вход 36,000 KZT от 1 плательщиков; исходящих связей нет. Не seed/граница; конечный только в выборке."
100000008493007100,transit,0.66666700,22,0.22592000,"Объёмный транзит: выход/вход 100% в [80%; 120%]; плательщиков 1, получателей 1. Не seed/граница."
100000008497298100,terminal,0.66621300,4,0.39383900,"Вход 600,000 KZT от 1 плательщиков; исходящих связей нет. Не seed/граница; конечный только в выборке."
100000008501413100,transit,0.63333300,11,0.41402900,"Объёмный транзит: выход/вход 102% в [80%; 120%]; плательщиков 1, получателей 1. Не seed/граница."
100000008502995100,terminal,0.78853900,0,0.33008800,"Вход 25,000 KZT от 1 плательщиков; исходящих связей нет. Не seed/граница; конечный только в выборке."
100000008503177100,terminal,0.66621300,8,0.21007900,"Вход 33,951 KZT от 1 плательщиков; исходящих связей нет. Не seed/граница; конечный только в выборке."
100000008507703100,terminal,0.66621300,22,0.18706400,"Вход 28,500 KZT от 1 плательщиков; исходящих связей нет. Не seed/граница; конечный только в выборке."
100000008512552100,peripheral,0.00000000,28,0.82329900,"Порогов конкретных ролей не достиг: плательщиков 4, получателей 6, выход/вход 330%."
100000008512827100,distributor,0.64917100,24,0.85009400,"Получателей 10≥10; исходящих переводов 10≥10; выход 1,944,500 KZT."
100000008513251100,peripheral,0.00000000,85,0.00000000,"Недостаточно наблюдений для роли; плательщиков 0, получателей 0. Нет рёбер: недостаточно наблюдений."
100000008514970100,peripheral,0.00000000,8,0.39453100,"Порогов конкретных ролей не достиг: плательщиков 1, получателей 1, выход/вход 8%."
100000008516839100,peripheral,0.00000000,47,0.58342500,"Недостаточно наблюдений для роли; плательщиков 3, получателей 0. Seed: вход неполный."
100000008517061100,peripheral,0.00000000,40,0.42999800,"Недостаточно наблюдений для роли; плательщиков 1, получателей 0. Граница depth=4: удержание неизвестно."
100000008517538100,distributor,0.87469700,4,0.76678800,"Получателей 17≥10; исходящих переводов 18≥10; выход 1,439,000 KZT."
100000008522127100,peripheral,0.00000000,56,0.15725800,"Недостаточно наблюдений для роли; плательщиков 0, получателей 1. Seed: вход неполный."
100000008524903100,peripheral,0.00000000,0,0.31012000,"Недостаточно наблюдений для роли; плательщиков 1, получателей 0. Граница depth=4: удержание неизвестно."
100000008525136100,peripheral,0.00000000,0,0.24745300,"Недостаточно наблюдений для роли; плательщиков 1, получателей 0. Граница depth=4: удержание неизвестно."
100000008531133100,peripheral,0.00000000,16,0.55976500,"Порогов конкретных ролей не достиг: плательщиков 1, получателей 3, выход/вход 633%."
100000008531186100,terminal,0.66621300,2,0.46023900,"Вход 125,000 KZT от 1 плательщиков; исходящих связей нет. Не seed/граница; конечный только в выборке."
100000008532050100,terminal,0.66621300,10,0.45113200,"Вход 455,156 KZT от 1 плательщиков; исходящих связей нет. Не seed/граница; конечный только в выборке."
100000008536546100,terminal,0.85520600,35,0.46967400,"Вход 250,000 KZT от 2 плательщиков; исходящих связей нет. Не seed/граница; конечный только в выборке."
100000008537380100,terminal,0.66621300,22,0.10940600,"Вход 8,000 KZT от 1 плательщиков; исходящих связей нет. Не seed/граница; конечный только в выборке."
100000008545727100,peripheral,0.00000000,18,0.72442200,"Порогов конкретных ролей не достиг: плательщиков 1, получателей 6, выход/вход 6222%."
100000008546855100,consolidator,0.78289800,43,0.74915400,"Плательщиков 6≥3; вход 71,790 KZT; выход/вход 14%≤20%. Не seed/граница."
100000008547295100,terminal,0.66621300,1,0.29298600,"Вход 15,000 KZT от 1 плательщиков; исходящих связей нет. Не seed/граница; конечный только в выборке."
100000008547844100,coordinator,0.79922800,42,0.86068100,Seed-предков 3≥2; входящих 3≥3; исходящих 19≥2; ранг посредничества 95.6%≥90%.
100000008547948100,coordinator,0.89472000,4,0.89178200,Seed-предков 3≥2; входящих 6≥3; исходящих 26≥2; ранг посредничества 94.1%≥90%.
100000008548853100,terminal,0.66621300,22,0.13040200,"Вход 14,000 KZT от 1 плательщиков; исходящих связей нет. Не seed/граница; конечный только в выборке."
100000008551752100,peripheral,0.00000000,62,0.45718200,"Недостаточно наблюдений для роли; плательщиков 1, получателей 0. Граница depth=4: удержание неизвестно."
100000008554390100,peripheral,0.00000000,18,0.16795300,"Недостаточно наблюдений для роли; плательщиков 1, получателей 0. Граница depth=4: удержание неизвестно."
100000008555233100,terminal,0.66621300,35,0.39401800,"Вход 440,600 KZT от 1 плательщиков; исходящих связей нет. Не seed/граница; конечный только в выборке."
100000008555918100,peripheral,0.00000000,2,0.63484100,"Порогов конкретных ролей не достиг: плательщиков 1, получателей 2, выход/вход 31%."
100000008556318100,terminal,0.85520600,2,0.59286000,"Вход 180,132 KZT от 2 плательщиков; исходящих связей нет. Не seed/граница; конечный только в выборке."
100000008557672100,terminal,0.66621300,22,0.26032600,"Вход 49,125 KZT от 1 плательщиков; исходящих связей нет. Не seed/граница; конечный только в выборке."
100000008560263100,peripheral,0.00000000,10,0.42107300,"Недостаточно наблюдений для роли; плательщиков 1, получателей 0. Граница depth=4: удержание неизвестно."
100000008560717100,consolidator,0.92244800,10,0.63429800,"Плательщиков 7≥3; вход 529,000 KZT; выход/вход 5%≤20%. Не seed/граница."
100000008561016100,transit,0.77546300,4,0.41174300,"Объёмный транзит: выход/вход 103% в [80%; 120%]; плательщиков 1, получателей 1. Не seed/граница."
100000008566737100,terminal,0.85520600,0,0.54419100,"Вход 230,000 KZT от 2 плательщиков; исходящих связей нет. Не seed/граница; конечный только в выборке."
100000008568512100,terminal,0.66621300,10,0.39280900,"Вход 199,640 KZT от 1 плательщиков; исходящих связей нет. Не seed/граница; конечный только в выборке."
100000008571243100,terminal,0.66621300,18,0.31066200,"Вход 134,000 KZT от 1 плательщиков; исходящих связей нет. Не seed/граница; конечный только в выборке."
100000008571433100,peripheral,0.00000000,55,0.54418000,"Недостаточно наблюдений для роли; плательщиков 2, получателей 2. Seed: вход неполный."
100000008571443100,terminal,0.85520600,12,0.45065900,"Вход 65,000 KZT от 2 плательщиков; исходящих связей нет. Не seed/граница; конечный только в выборке."
100000008575624100,peripheral,0.00000000,68,0.18497200,"Недостаточно наблюдений для роли; плательщиков 0, получателей 3. Seed: вход неполный."
100000008576243100,terminal,0.90212300,0,0.55384400,"Вход 82,920 KZT от 2 плательщиков; исходящих связей нет. Не seed/граница; конечный только в выборке."
100000008576528100,terminal,0.66621300,10,0.26835900,"Вход 28,000 KZT от 1 плательщиков; исходящих связей нет. Не seed/граница; конечный только в выборке."
100000008579978100,peripheral,0.00000000,10,0.39696600,"Порогов конкретных ролей не достиг: плательщиков 1, получателей 1, выход/вход 226%."
100000008582730100,transit,0.66666700,43,0.30623400,"Объёмный транзит: выход/вход 100% в [80%; 120%]; плательщиков 1, получателей 1. Не seed/граница."
100000008583360100,peripheral,0.00000000,18,0.42608000,"Порогов конкретных ролей не достиг: плательщиков 1, получателей 1, выход/вход 151%."
100000008583971100,peripheral,0.00000000,0,0.41745300,"Недостаточно наблюдений для роли; плательщиков 2, получателей 0. Граница depth=4: удержание неизвестно."
100000008586731100,terminal,0.66621300,7,0.12533300,"Вход 12,000 KZT от 1 плательщиков; исходящих связей нет. Не seed/граница; конечный только в выборке."
100000008587459100,peripheral,0.00000000,0,0.57039100,"Порогов конкретных ролей не достиг: плательщиков 2, получателей 2, выход/вход 378%."
100000008588665100,peripheral,0.00000000,0,0.34632500,"Недостаточно наблюдений для роли; плательщиков 1, получателей 0. Граница depth=4: удержание неизвестно."
100000008595687100,peripheral,0.00000000,16,0.54996100,"Порогов конкретных ролей не достиг: плательщиков 1, получателей 1, выход/вход 16%."
100000008596924100,terminal,0.66621300,1,0.35561500,"Вход 100,000 KZT от 1 плательщиков; исходящих связей нет. Не seed/граница; конечный только в выборке."
100000008598972100,terminal,0.66621300,8,0.27522000,"Вход 120,000 KZT от 1 плательщиков; исходящих связей нет. Не seed/граница; конечный только в выборке."
100000008599354100,peripheral,0.00000000,0,0.48203900,"Порогов конкретных ролей не достиг: плательщиков 1, получателей 1, выход/вход 22%."
100000008601794100,peripheral,0.00000000,39,0.49833500,"Недостаточно наблюдений для роли; плательщиков 2, получателей 1. Seed: вход неполный."
100000008603331100,peripheral,0.00000000,42,0.69669300,"Порогов конкретных ролей не достиг: плательщиков 2, получателей 6, выход/вход 1878%."
100000008603629100,coordinator,0.99774600,8,0.97412700,Seed-предков 4≥2; входящих 19≥3; исходящих 61≥2; ранг посредничества 99.2%≥90%.
100000008612257100,terminal,0.66621300,28,0.11851300,"Вход 9,500 KZT от 1 плательщиков; исходящих связей нет. Не seed/граница; конечный только в выборке."
100000008619159100,peripheral,0.00000000,67,0.39141600,"Недостаточно наблюдений для роли; плательщиков 1, получателей 0. Граница depth=4: удержание неизвестно."
100000008619857100,peripheral,0.00000000,0,0.32096600,"Порогов конкретных ролей не достиг: плательщиков 1, получателей 2, выход/вход 45%."
100000008620570100,peripheral,0.00000000,8,0.68810900,"Порогов конкретных ролей не достиг: плательщиков 2, получателей 2, выход/вход 22%."
100000008624978100,terminal,0.66621300,35,0.46732000,"Вход 109,000 KZT от 1 плательщиков; исходящих связей нет. Не seed/граница; конечный только в выборке."
100000008625905100,peripheral,0.00000000,3,0.74632000,"Порогов конкретных ролей не достиг: плательщиков 1, получателей 2, выход/вход 321%."
100000008628231100,peripheral,0.00000000,72,0.64659500,"Порогов конкретных ролей не достиг: плательщиков 1, получателей 2, выход/вход 1256%."
100000008628818100,peripheral,0.00000000,18,0.33183400,"Недостаточно наблюдений для роли; плательщиков 1, получателей 0. Граница depth=4: удержание неизвестно."
100000008629504100,peripheral,0.00000000,0,0.21510400,"Недостаточно наблюдений для роли; плательщиков 1, получателей 0. Граница depth=4: удержание неизвестно."
100000008629581100,terminal,0.66621300,2,0.36359700,"Вход 54,184 KZT от 1 плательщиков; исходящих связей нет. Не seed/граница; конечный только в выборке."
100000008631800100,peripheral,0.00000000,18,0.16306200,"Недостаточно наблюдений для роли; плательщиков 1, получателей 0. Граница depth=4: удержание неизвестно."
100000008632060100,peripheral,0.00000000,0,0.54273600,"Порогов конкретных ролей не достиг: плательщиков 1, получателей 9, выход/вход 5653%."
100000008633099100,peripheral,0.00000000,1,0.25685600,"Порогов конкретных ролей не достиг: плательщиков 1, получателей 1, выход/вход 69%."
100000008634520100,terminal,0.66621300,42,0.38599000,"Вход 90,000 KZT от 1 плательщиков; исходящих связей нет. Не seed/граница; конечный только в выборке."
100000008636603100,peripheral,0.00000000,16,0.75150400,"Порогов конкретных ролей не достиг: плательщиков 2, получателей 6, выход/вход 449%."
100000008637537100,peripheral,0.00000000,42,0.87298500,"Недостаточно наблюдений для роли; плательщиков 3, получателей 3. Seed: вход неполный."
100000008638859100,peripheral,0.00000000,43,0.46041100,"Недостаточно наблюдений для роли; плательщиков 1, получателей 0. Граница depth=4: удержание неизвестно."
100000008647905100,peripheral,0.00000000,43,0.53553500,"Порогов конкретных ролей не достиг: плательщиков 1, получателей 2, выход/вход 688%."
100000008648783100,peripheral,0.00000000,18,0.11483500,"Недостаточно наблюдений для роли; плательщиков 1, получателей 0. Граница depth=4: удержание неизвестно."
100000008649416100,peripheral,0.00000000,28,0.25736500,"Недостаточно наблюдений для роли; плательщиков 1, получателей 0. Граница depth=4: удержание неизвестно."
100000008650785100,peripheral,0.00000000,16,0.72664400,"Недостаточно наблюдений для роли; плательщиков 2, получателей 2. Seed: вход неполный."
100000008652094100,terminal,0.66621300,0,0.24955500,"Вход 35,000 KZT от 1 плательщиков; исходящих связей нет. Не seed/граница; конечный только в выборке."
100000008653041100,terminal,0.66621300,22,0.18540400,"Вход 28,000 KZT от 1 плательщиков; исходящих связей нет. Не seed/граница; конечный только в выборке."
100000008654653100,peripheral,0.00000000,16,0.11809300,"Недостаточно наблюдений для роли; плательщиков 0, получателей 1. Seed: вход неполный."
100000008655035100,terminal,0.66621300,1,0.39728900,"Вход 30,000 KZT от 1 плательщиков; исходящих связей нет. Не seed/граница; конечный только в выборке."
100000008655779100,peripheral,0.00000000,15,0.50545700,"Порогов конкретных ролей не достиг: плательщиков 1, получателей 2, выход/вход 53%."
100000008656043100,terminal,0.66621300,22,0.20797000,"Вход 26,200 KZT от 1 плательщиков; исходящих связей нет. Не seed/граница; конечный только в выборке."
100000008659445100,peripheral,0.00000000,9,0.57295700,"Недостаточно наблюдений для роли; плательщиков 3, получателей 4. Seed: вход неполный."
100000008659950100,terminal,0.66621300,42,0.46400700,"Вход 246,000 KZT от 1 плательщиков; исходящих связей нет. Не seed/граница; конечный только в выборке."
100000008661550100,terminal,0.66621300,22,0.16566500,"Вход 22,800 KZT от 1 плательщиков; исходящих связей нет. Не seed/граница; конечный только в выборке."
100000008661585100,terminal,0.66621300,22,0.22928000,"Вход 43,141 KZT от 1 плательщиков; исходящих связей нет. Не seed/граница; конечный только в выборке."
100000008662216100,terminal,0.66621300,22,0.18127700,"Вход 26,200 KZT от 1 плательщиков; исходящих связей нет. Не seed/граница; конечный только в выборке."
100000008662805100,terminal,0.66621300,22,0.14116900,"Вход 16,500 KZT от 1 плательщиков; исходящих связей нет. Не seed/граница; конечный только в выборке."
100000008663007100,terminal,0.66621300,22,0.13686200,"Вход 14,000 KZT от 1 плательщиков; исходящих связей нет. Не seed/граница; конечный только в выборке."
100000008663723100,terminal,0.66621300,22,0.13726600,"Вход 15,600 KZT от 1 плательщиков; исходящих связей нет. Не seed/граница; конечный только в выборке."
100000008664469100,terminal,0.66621300,2,0.31541300,"Вход 25,000 KZT от 1 плательщиков; исходящих связей нет. Не seed/граница; конечный только в выборке."
100000008664774100,terminal,0.66621300,22,0.14027200,"Вход 16,300 KZT от 1 плательщиков; исходящих связей нет. Не seed/граница; конечный только в выборке."
100000008665380100,peripheral,0.00000000,0,0.43296100,"Порогов конкретных ролей не достиг: плательщиков 2, получателей 1, выход/вход 26%."
100000008666075100,terminal,0.66621300,22,0.19096700,"Вход 26,217 KZT от 1 плательщиков; исходящих связей нет. Не seed/граница; конечный только в выборке."
100000008667058100,terminal,0.66621300,22,0.15453800,"Вход 17,534 KZT от 1 плательщиков; исходящих связей нет. Не seed/граница; конечный только в выборке."
100000008667795100,terminal,0.66621300,22,0.20083700,"Вход 34,000 KZT от 1 плательщиков; исходящих связей нет. Не seed/граница; конечный только в выборке."
100000008667799100,terminal,0.66621300,22,0.20083700,"Вход 34,000 KZT от 1 плательщиков; исходящих связей нет. Не seed/граница; конечный только в выборке."
100000008668099100,terminal,0.66621300,22,0.13798400,"Вход 15,700 KZT от 1 плательщиков; исходящих связей нет. Не seed/граница; конечный только в выборке."
100000008669037100,peripheral,0.00000000,86,0.00000000,"Недостаточно наблюдений для роли; плательщиков 0, получателей 0. Нет рёбер: недостаточно наблюдений."
100000008669310100,terminal,0.78853900,0,0.28876500,"Вход 59,567 KZT от 1 плательщиков; исходящих связей нет. Не seed/граница; конечный только в выборке."
100000008670667100,terminal,0.66621300,22,0.14547600,"Вход 15,534 KZT от 1 плательщиков; исходящих связей нет. Не seed/граница; конечный только в выборке."
100000008671026100,terminal,0.66621300,22,0.17822600,"Вход 23,534 KZT от 1 плательщиков; исходящих связей нет. Не seed/граница; конечный только в выборке."
100000008671081100,terminal,0.66621300,22,0.20828500,"Вход 37,200 KZT от 1 плательщиков; исходящих связей нет. Не seed/граница; конечный только в выборке."
100000008671129100,terminal,0.66621300,22,0.18127700,"Вход 26,200 KZT от 1 плательщиков; исходящих связей нет. Не seed/граница; конечный только в выборке."
100000008671929100,terminal,0.78853900,2,0.40765200,"Вход 75,000 KZT от 1 плательщиков; исходящих связей нет. Не seed/граница; конечный только в выборке."
100000008672162100,terminal,0.66621300,22,0.14597000,"Вход 15,550 KZT от 1 плательщиков; исходящих связей нет. Не seed/граница; конечный только в выборке."
100000008672200100,terminal,0.66621300,22,0.11380300,"Вход 8,511 KZT от 1 плательщиков; исходящих связей нет. Не seed/граница; конечный только в выборке."
100000008672480100,terminal,0.66621300,22,0.14839200,"Вход 13,000 KZT от 1 плательщиков; исходящих связей нет. Не seed/граница; конечный только в выборке."
100000008672493100,terminal,0.66621300,22,0.13040200,"Вход 14,000 KZT от 1 плательщиков; исходящих связей нет. Не seed/граница; конечный только в выборке."
100000008672603100,terminal,0.66621300,2,0.27956800,"Вход 21,200 KZT от 1 плательщиков; исходящих связей нет. Не seed/граница; конечный только в выборке."
100000008672762100,terminal,0.66621300,22,0.14839200,"Вход 13,000 KZT от 1 плательщиков; исходящих связей нет. Не seed/граница; конечный только в выборке."
100000008673001100,peripheral,0.00000000,47,0.35216100,"Недостаточно наблюдений для роли; плательщиков 1, получателей 0. Seed: вход неполный."
100000008675322100,peripheral,0.00000000,20,0.47338400,"Недостаточно наблюдений для роли; плательщиков 1, получателей 0. Граница depth=4: удержание неизвестно."
100000008676812100,terminal,0.66621300,43,0.39365900,"Вход 230,800 KZT от 1 плательщиков; исходящих связей нет. Не seed/граница; конечный только в выборке."
100000008677215100,terminal,0.66621300,29,0.26337300,"Вход 9,000 KZT от 1 плательщиков; исходящих связей нет. Не seed/граница; конечный только в выборке."
100000008677368100,peripheral,0.00000000,1,0.27997600,"Недостаточно наблюдений для роли; плательщиков 1, получателей 0. Граница depth=4: удержание неизвестно."
100000008677518100,terminal,0.66621300,22,0.22963900,"Вход 48,700 KZT от 1 плательщиков; исходящих связей нет. Не seed/граница; конечный только в выборке."
100000008679986100,terminal,0.66621300,22,0.16059500,"Вход 19,000 KZT от 1 плательщиков; исходящих связей нет. Не seed/граница; конечный только в выборке."
100000008680061100,peripheral,0.00000000,10,0.26535000,"Недостаточно наблюдений для роли; плательщиков 1, получателей 0. Граница depth=4: удержание неизвестно."
100000008680451100,terminal,0.66621300,22,0.17822600,"Вход 23,534 KZT от 1 плательщиков; исходящих связей нет. Не seed/граница; конечный только в выборке."
100000008680731100,distributor,0.68174400,7,0.29015600,"Получателей 27≥10; исходящих переводов 28≥10; выход 1,464,354 KZT. Seed: вход неполный."
100000008680912100,peripheral,0.00000000,0,0.36469000,"Порогов конкретных ролей не достиг: плательщиков 1, получателей 1, выход/вход 13%."
100000008682426100,terminal,0.66621300,40,0.17544500,"Вход 20,000 KZT от 1 плательщиков; исходящих связей нет. Не seed/граница; конечный только в выборке."
100000008683818100,terminal,0.66621300,22,0.17024100,"Вход 17,400 KZT от 1 плательщиков; исходящих связей нет. Не seed/граница; конечный только в выборке."
100000008684452100,terminal,0.66621300,22,0.23816300,"Вход 51,800 KZT от 1 плательщиков; исходящих связей нет. Не seed/граница; конечный только в выборке."
100000008684767100,terminal,0.66621300,22,0.19500500,"Вход 31,100 KZT от 1 плательщиков; исходящих связей нет. Не seed/граница; конечный только в выборке."
100000008684951100,terminal,0.66621300,22,0.14381600,"Вход 17,200 KZT от 1 плательщиков; исходящих связей нет. Не seed/граница; конечный только в выборке."
100000008686214100,terminal,0.66621300,8,0.28890000,"Вход 25,000 KZT от 1 плательщиков; исходящих связей нет. Не seed/граница; конечный только в выборке."
100000008686234100,terminal,0.66621300,0,0.21824400,"Вход 39,778 KZT от 1 плательщиков; исходящих связей нет. Не seed/граница; конечный только в выборке."
100000008686247100,peripheral,0.00000000,21,0.26226800,"Порогов конкретных ролей не достиг: плательщиков 1, получателей 1, выход/вход 23%."
100000008686313100,coordinator,0.90073000,0,0.88636900,Seed-предков 3≥2; входящих 6≥3; исходящих 7≥2; ранг посредничества 96.1%≥90%.
100000008686494100,terminal,0.66621300,22,0.13798400,"Вход 15,700 KZT от 1 плательщиков; исходящих связей нет. Не seed/граница; конечный только в выборке."
100000008687492100,terminal,0.66621300,22,0.15749900,"Вход 15,000 KZT от 1 плательщиков; исходящих связей нет. Не seed/граница; конечный только в выборке."
100000008687617100,terminal,0.78853900,22,0.21878300,"Вход 43,350 KZT от 1 плательщиков; исходящих связей нет. Не seed/граница; конечный только в выборке."
100000008687671100,terminal,0.66621300,22,0.21891700,"Вход 37,500 KZT от 1 плательщиков; исходящих связей нет. Не seed/граница; конечный только в выборке."
100000008687733100,terminal,0.66621300,22,0.13228600,"Вход 14,650 KZT от 1 плательщиков; исходящих связей нет. Не seed/граница; конечный только в выборке."
100000008687990100,terminal,0.66621300,22,0.14610400,"Вход 17,600 KZT от 1 плательщиков; исходящих связей нет. Не seed/граница; конечный только в выборке."
100000008688109100,terminal,0.66621300,22,0.12726200,"Вход 12,800 KZT от 1 плательщиков; исходящих связей нет. Не seed/граница; конечный только в выборке."
100000008688155100,terminal,0.66621300,22,0.16898400,"Вход 23,600 KZT от 1 плательщиков; исходящих связей нет. Не seed/граница; конечный только в выборке."
100000008688476100,terminal,0.66621300,22,0.19783100,"Вход 24,000 KZT от 1 плательщиков; исходящих связей нет. Не seed/граница; конечный только в выборке."
100000008688881100,terminal,0.66621300,22,0.24911000,"Вход 44,211 KZT от 1 плательщиков; исходящих связей нет. Не seed/граница; конечный только в выборке."
100000008690762100,terminal,0.66621300,22,0.18262300,"Вход 26,750 KZT от 1 плательщиков; исходящих связей нет. Не seed/граница; конечный только в выборке."
100000008690932100,terminal,0.66621300,22,0.17602800,"Вход 23,000 KZT от 1 плательщиков; исходящих связей нет. Не seed/граница; конечный только в выборке."
100000008691027100,terminal,0.66621300,22,0.15453800,"Вход 17,534 KZT от 1 плательщиков; исходящих связей нет. Не seed/граница; конечный только в выборке."
100000008691168100,terminal,0.66621300,22,0.19783100,"Вход 24,000 KZT от 1 плательщиков; исходящих связей нет. Не seed/граница; конечный только в выборке."
100000008691330100,terminal,0.66621300,22,0.17221500,"Вход 21,440 KZT от 1 плательщиков; исходящих связей нет. Не seed/граница; конечный только в выборке."
100000008691495100,terminal,0.66621300,22,0.19289600,"Вход 27,000 KZT от 1 плательщиков; исходящих связей нет. Не seed/граница; конечный только в выборке."
100000008692291100,transit,0.93750000,42,0.69140200,"Объёмный транзит: выход/вход 98% в [80%; 120%]; плательщиков 3, получателей 3. Не seed/граница."
100000008693069100,terminal,0.66621300,22,0.16584400,"Вход 20,000 KZT от 1 плательщиков; исходящих связей нет. Не seed/граница; конечный только в выборке."
100000008695133100,terminal,0.66621300,22,0.20720800,"Вход 36,610 KZT от 1 плательщиков; исходящих связей нет. Не seed/граница; конечный только в выборке."
100000008695157100,peripheral,0.00000000,8,0.41752600,"Недостаточно наблюдений для роли; плательщиков 1, получателей 0. Граница depth=4: удержание неизвестно."
100000008695495100,terminal,0.66621300,22,0.17055500,"Вход 21,000 KZT от 1 плательщиков; исходящих связей нет. Не seed/граница; конечный только в выборке."
100000008695566100,terminal,0.66621300,22,0.19994000,"Вход 33,700 KZT от 1 плательщиков; исходящих связей нет. Не seed/граница; конечный только в выборке."
100000008695689100,terminal,0.66621300,22,0.18127700,"Вход 26,200 KZT от 1 плательщиков; исходящих связей нет. Не seed/граница; конечный только в выборке."
100000008696692100,terminal,0.66621300,22,0.17661100,"Вход 19,000 KZT от 1 плательщиков; исходящих связей нет. Не seed/граница; конечный только в выборке."
100000008696919100,terminal,0.66621300,22,0.20729800,"Вход 31,945 KZT от 1 плательщиков; исходящих связей нет. Не seed/граница; конечный только в выборке."
100000008697670100,terminal,0.66621300,22,0.17759800,"Вход 25,350 KZT от 1 плательщиков; исходящих связей нет. Не seed/граница; конечный только в выборке."
100000008699083100,peripheral,0.00000000,24,0.33251100,"Недостаточно наблюдений для роли; плательщиков 1, получателей 0. Граница depth=4: удержание неизвестно."
100000008701222100,peripheral,0.00000000,87,0.00000000,"Недостаточно наблюдений для роли; плательщиков 0, получателей 0. Нет рёбер: недостаточно наблюдений."
100000008701256100,terminal,0.66621300,0,0.34870300,"Вход 58,250 KZT от 1 плательщиков; исходящих связей нет. Не seed/граница; конечный только в выборке."
100000008701944100,terminal,0.66621300,70,0.40146200,"Вход 52,124 KZT от 1 плательщиков; исходящих связей нет. Не seed/граница; конечный только в выборке."
100000008703533100,peripheral,0.00000000,42,0.26010100,"Недостаточно наблюдений для роли; плательщиков 1, получателей 0. Граница depth=4: удержание неизвестно."
100000008706846100,terminal,0.66621300,22,0.13125400,"Вход 14,200 KZT от 1 плательщиков; исходящих связей нет. Не seed/граница; конечный только в выборке."
100000008706947100,terminal,0.66621300,22,0.14381600,"Вход 17,200 KZT от 1 плательщиков; исходящих связей нет. Не seed/граница; конечный только в выборке."
100000008707810100,terminal,0.66621300,22,0.18127700,"Вход 26,200 KZT от 1 плательщиков; исходящих связей нет. Не seed/граница; конечный только в выборке."
100000008708025100,terminal,0.66621300,15,0.20061300,"Вход 10,000 KZT от 1 плательщиков; исходящих связей нет. Не seed/граница; конечный только в выборке."
100000008708061100,terminal,0.66621300,22,0.11156000,"Вход 8,650 KZT от 1 плательщиков; исходящих связей нет. Не seed/граница; конечный только в выборке."
100000008708207100,terminal,0.85520600,4,0.54998600,"Вход 465,000 KZT от 2 плательщиков; исходящих связей нет. Не seed/граница; конечный только в выборке."
100000008708368100,terminal,0.66621300,22,0.17916800,"Вход 23,677 KZT от 1 плательщиков; исходящих связей нет. Не seed/граница; конечный только в выборке."
100000008708595100,terminal,0.66621300,22,0.14381600,"Вход 17,200 KZT от 1 плательщиков; исходящих связей нет. Не seed/граница; конечный только в выборке."
100000008708743100,terminal,0.66621300,22,0.13681800,"Вход 15,550 KZT от 1 плательщиков; исходящих связей нет. Не seed/граница; конечный только в выборке."
100000008710791100,distributor,0.98541100,4,0.87575900,"Получателей 23≥10; исходящих переводов 25≥10; выход 5,521,511 KZT."
100000008710843100,distributor,0.75235600,35,0.77479300,"Получателей 13≥10; исходящих переводов 14≥10; выход 1,985,500 KZT."
100000008710913100,peripheral,0.00000000,4,0.20689000,"Недостаточно наблюдений для роли; плательщиков 1, получателей 0. Граница depth=4: удержание неизвестно."
100000008712036100,terminal,0.66621300,22,0.16153700,"Вход 21,000 KZT от 1 плательщиков; исходящих связей нет. Не seed/граница; конечный только в выборке."
100000008712184100,terminal,0.66621300,22,0.14852700,"Вход 18,000 KZT от 1 плательщиков; исходящих связей нет. Не seed/граница; конечный только в выборке."
100000008712827100,terminal,0.66621300,22,0.26750400,"Вход 76,000 KZT от 1 плательщиков; исходящих связей нет. Не seed/граница; конечный только в выборке."
100000008712991100,terminal,0.66621300,22,0.25718500,"Вход 66,100 KZT от 1 плательщиков; исходящих связей нет. Не seed/граница; конечный только в выборке."
100000008713270100,peripheral,0.00000000,1,0.36761200,"Порогов конкретных ролей не достиг: плательщиков 1, получателей 3, выход/вход 633%."
100000008713685100,terminal,0.66621300,22,0.23161300,"Вход 49,700 KZT от 1 плательщиков; исходящих связей нет. Не seed/граница; конечный только в выборке."
100000008714412100,terminal,0.66621300,18,0.32869700,"Вход 169,000 KZT от 1 плательщиков; исходящих связей нет. Не seed/граница; конечный только в выборке."
100000008715513100,peripheral,0.00000000,18,0.24386100,"Недостаточно наблюдений для роли; плательщиков 1, получателей 0. Граница depth=4: удержание неизвестно."
100000008715887100,terminal,0.66621300,22,0.14852700,"Вход 18,000 KZT от 1 плательщиков; исходящих связей нет. Не seed/граница; конечный только в выборке."
100000008716072100,terminal,0.66621300,22,0.12501800,"Вход 12,100 KZT от 1 плательщиков; исходящих связей нет. Не seed/граница; конечный только в выборке."
100000008716222100,terminal,0.66621300,22,0.15767900,"Вход 18,000 KZT от 1 плательщиков; исходящих связей нет. Не seed/граница; конечный только в выборке."
100000008716439100,terminal,0.66621300,22,0.12986400,"Вход 12,267 KZT от 1 плательщиков; исходящих связей нет. Не seed/граница; конечный только в выборке."
100000008716773100,terminal,0.66621300,22,0.14700100,"Вход 15,677 KZT от 1 плательщиков; исходящих связей нет. Не seed/граница; конечный только в выборке."
100000008717340100,terminal,0.66621300,22,0.22676800,"Вход 41,500 KZT от 1 плательщиков; исходящих связей нет. Не seed/граница; конечный только в выборке."
100000008717341100,terminal,0.66621300,22,0.13919500,"Вход 14,627 KZT от 1 плательщиков; исходящих связей нет. Не seed/граница; конечный только в выборке."
100000008717375100,terminal,0.66621300,2,0.30949200,"Вход 29,506 KZT от 1 плательщиков; исходящих связей нет. Не seed/граница; конечный только в выборке."
100000008717802100,terminal,0.66621300,22,0.18006600,"Вход 26,150 KZT от 1 плательщиков; исходящих связей нет. Не seed/граница; конечный только в выборке."
100000008718089100,terminal,0.66621300,22,0.14547600,"Вход 15,534 KZT от 1 плательщиков; исходящих связей нет. Не seed/граница; конечный только в выборке."
100000008718811100,terminal,0.66621300,22,0.26454300,"Вход 73,300 KZT от 1 плательщиков; исходящих связей нет. Не seed/граница; конечный только в выборке."
100000008720668100,terminal,0.66621300,22,0.13915000,"Вход 16,000 KZT от 1 плательщиков; исходящих связей нет. Не seed/граница; конечный только в выборке."
100000008720798100,terminal,0.66621300,22,0.14547600,"Вход 15,534 KZT от 1 плательщиков; исходящих связей нет. Не seed/граница; конечный только в выборке."
100000008720856100,peripheral,0.00000000,10,0.38107900,"Порогов конкретных ролей не достиг: плательщиков 1, получателей 1, выход/вход 254%."
100000008721637100,peripheral,0.00000000,1,0.45179900,"Порогов конкретных ролей не достиг: плательщиков 1, получателей 2, выход/вход 528%."
100000008722328100,terminal,0.66621300,22,0.17916800,"Вход 23,677 KZT от 1 плательщиков; исходящих связей нет. Не seed/граница; конечный только в выборке."
100000008722417100,peripheral,0.00000000,10,0.64961700,"Порогов конкретных ролей не достиг: плательщиков 1, получателей 3, выход/вход 217%."
100000008722541100,peripheral,0.00000000,10,0.49586000,"Недостаточно наблюдений для роли; плательщиков 1, получателей 0. Граница depth=4: удержание неизвестно."
100000008723830100,transit,0.64932200,16,0.60514300,"Объёмный транзит: выход/вход 99% в [80%; 120%]; плательщиков 2, получателей 1. Не seed/граница."
100000008724279100,terminal,0.66621300,16,0.19401400,"Вход 11,750 KZT от 1 плательщиков; исходящих связей нет. Не seed/граница; конечный только в выборке."
100000008724461100,peripheral,0.00000000,4,0.37733300,"Порогов конкретных ролей не достиг: плательщиков 1, получателей 1, выход/вход 130%."
100000008727982100,peripheral,0.00000000,46,0.31384800,"Недостаточно наблюдений для роли; плательщиков 1, получателей 0. Граница depth=4: удержание неизвестно."
100000008728457100,terminal,0.66621300,11,0.36224300,"Вход 45,000 KZT от 1 плательщиков; исходящих связей нет. Не seed/граница; конечный только в выборке."
100000008729597100,terminal,0.66621300,8,0.28473100,"Вход 83,090 KZT от 1 плательщиков; исходящих связей нет. Не seed/граница; конечный только в выборке."
100000008729801100,terminal,0.66621300,22,0.15453800,"Вход 17,534 KZT от 1 плательщиков; исходящих связей нет. Не seed/граница; конечный только в выборке."
100000008730021100,terminal,0.82104100,70,0.42371400,"Вход 75,555 KZT от 1 плательщиков; исходящих связей нет. Не seed/граница; конечный только в выборке."
100000008730238100,peripheral,0.00000000,42,0.39078800,"Недостаточно наблюдений для роли; плательщиков 1, получателей 0. Граница depth=4: удержание неизвестно."
100000008730371100,terminal,0.88770800,0,0.57626900,"Вход 520,000 KZT от 2 плательщиков; исходящих связей нет. Не seed/граница; конечный только в выборке."
100000008730846100,peripheral,0.00000000,11,0.84628400,"Порогов конкретных ролей не достиг: плательщиков 7, получателей 3, выход/вход 234%."
100000008731444100,peripheral,0.00000000,0,0.81439400,"Порогов конкретных ролей не достиг: плательщиков 3, получателей 9, выход/вход 200%."
100000008732098100,terminal,0.66621300,22,0.14700100,"Вход 15,677 KZT от 1 плательщиков; исходящих связей нет. Не seed/граница; конечный только в выборке."
100000008732488100,peripheral,0.00000000,8,0.40275100,"Порогов конкретных ролей не достиг: плательщиков 1, получателей 1, выход/вход 7%."
100000008733049100,terminal,0.66621300,3,0.23996100,"Вход 10,000 KZT от 1 плательщиков; исходящих связей нет. Не seed/граница; конечный только в выборке."
100000008733194100,peripheral,0.00000000,12,0.84342600,"Порогов конкретных ролей не достиг: плательщиков 4, получателей 8, выход/вход 64%."
100000008734279100,peripheral,0.00000000,8,0.23950900,"Недостаточно наблюдений для роли; плательщиков 1, получателей 0. Граница depth=4: удержание неизвестно."
100000008734364100,terminal,0.66621300,22,0.20797000,"Вход 26,200 KZT от 1 плательщиков; исходящих связей нет. Не seed/граница; конечный только в выборке."
100000008735384100,terminal,0.66621300,22,0.22219200,"Вход 39,220 KZT от 1 плательщиков; исходящих связей нет. Не seed/граница; конечный только в выборке."
100000008735802100,peripheral,0.00000000,0,0.43403200,"Недостаточно наблюдений для роли; плательщиков 1, получателей 0. Граница depth=4: удержание неизвестно."
100000008735832100,terminal,0.66621300,22,0.14610400,"Вход 17,600 KZT от 1 плательщиков; исходящих связей нет. Не seed/граница; конечный только в выборке."
100000008736173100,terminal,0.66621300,22,0.20496500,"Вход 31,060 KZT от 1 плательщиков; исходящих связей нет. Не seed/граница; конечный только в выборке."
100000008736394100,terminal,0.66621300,22,0.16328700,"Вход 16,000 KZT от 1 плательщиков; исходящих связей нет. Не seed/граница; конечный только в выборке."
100000008736760100,terminal,0.66621300,22,0.25413500,"Вход 54,757 KZT от 1 плательщиков; исходящих связей нет. Не seed/граница; конечный только в выборке."
100000008736940100,peripheral,0.00000000,9,0.60227200,"Порогов конкретных ролей не достиг: плательщиков 3, получателей 3, выход/вход 40%."
100000008737422100,terminal,0.66621300,22,0.28015500,"Вход 76,903 KZT от 1 плательщиков; исходящих связей нет. Не seed/граница; конечный только в выборке."
100000008737514100,terminal,0.66621300,3,0.41174200,"Вход 85,000 KZT от 1 плательщиков; исходящих связей нет. Не seed/граница; конечный только в выборке."
100000008737958100,terminal,0.85520600,22,0.30543400,"Вход 53,373 KZT от 2 плательщиков; исходящих связей нет. Не seed/граница; конечный только в выборке."
100000008738325100,peripheral,0.00000000,47,0.36984700,"Недостаточно наблюдений для роли; плательщиков 1, получателей 1. Seed: вход неполный."
100000008738526100,peripheral,0.00000000,35,0.34871400,"Порогов конкретных ролей не достиг: плательщиков 1, получателей 1, выход/вход 933%."
100000008738658100,terminal,0.66621300,22,0.18971100,"Вход 29,920 KZT от 1 плательщиков; исходящих связей нет. Не seed/граница; конечный только в выборке."
100000008739887100,peripheral,0.00000000,8,0.65533600,"Порогов конкретных ролей не достиг: плательщиков 2, получателей 2, выход/вход 143%."
100000008740295100,peripheral,0.00000000,4,0.43896700,"Недостаточно наблюдений для роли; плательщиков 1, получателей 0. Граница depth=4: удержание неизвестно."
100000008740793100,terminal,0.66621300,22,0.16153700,"Вход 21,000 KZT от 1 плательщиков; исходящих связей нет. Не seed/граница; конечный только в выборке."
100000008741372100,terminal,0.66621300,22,0.21573200,"Вход 35,975 KZT от 1 плательщиков; исходящих связей нет. Не seed/граница; конечный только в выборке."
100000008742053100,distributor,0.71814100,24,0.61548500,"Получателей 12≥10; исходящих переводов 12≥10; выход 2,789,000 KZT."
100000008742266100,terminal,0.66621300,22,0.18728900,"Вход 21,000 KZT от 1 плательщиков; исходящих связей нет. Не seed/граница; конечный только в выборке."
100000008743913100,distributor,0.74709700,35,0.86757000,"Получателей 13≥10; исходящих переводов 13≥10; выход 1,850,600 KZT."
100000008744364100,terminal,0.66621300,22,0.17024100,"Вход 23,700 KZT от 1 плательщиков; исходящих связей нет. Не seed/граница; конечный только в выборке."
100000008744799100,terminal,0.66621300,22,0.12645400,"Вход 12,600 KZT от 1 плательщиков; исходящих связей нет. Не seed/граница; конечный только в выборке."
100000008744849100,terminal,0.66621300,22,0.23143400,"Вход 44,445 KZT от 1 плательщиков; исходящих связей нет. Не seed/граница; конечный только в выборке."
100000008745474100,terminal,0.66621300,22,0.22560200,"Вход 40,559 KZT от 1 плательщиков; исходящих связей нет. Не seed/граница; конечный только в выборке."
100000008745489100,terminal,0.66621300,22,0.25557000,"Вход 55,539 KZT от 1 плательщиков; исходящих связей нет. Не seed/граница; конечный только в выборке."
100000008745643100,terminal,0.66621300,22,0.16889500,"Вход 20,313 KZT от 1 плательщиков; исходящих связей нет. Не seed/граница; конечный только в выборке."
100000008745676100,peripheral,0.00000000,22,0.32264100,"Недостаточно наблюдений для роли; плательщиков 1, получателей 0. Граница depth=4: удержание неизвестно."
100000008745725100,terminal,0.66621300,22,0.23771500,"Вход 47,060 KZT от 1 плательщиков; исходящих связей нет. Не seed/граница; конечный только в выборке."
100000008745863100,terminal,0.66621300,22,0.16602300,"Вход 22,900 KZT от 1 плательщиков; исходящих связей нет. Не seed/граница; конечный только в выборке."
100000008745884100,terminal,0.66621300,22,0.15601900,"Вход 20,000 KZT от 1 плательщиков; исходящих связей нет. Не seed/граница; конечный только в выборке."
100000008746025100,terminal,0.66621300,22,0.17351600,"Вход 22,000 KZT от 1 плательщиков; исходящих связей нет. Не seed/граница; конечный только в выборке."
100000008746449100,distributor,0.63879700,4,0.65389400,"Получателей 10≥10; исходящих переводов 10≥10; выход 1,009,000 KZT."
100000008746673100,terminal,0.66621300,22,0.25126300,"Вход 53,048 KZT от 1 плательщиков; исходящих связей нет. Не seed/граница; конечный только в выборке."
100000008747113100,terminal,0.85520600,10,0.51390100,"Вход 197,801 KZT от 2 плательщиков; исходящих связей нет. Не seed/граница; конечный только в выборке."
100000008748408100,distributor,0.97103700,1,0.53826500,"Получателей 21≥10; исходящих переводов 22≥10; выход 1,499,960 KZT."
100000008748795100,terminal,0.66621300,0,0.26687200,"Вход 47,057 KZT от 1 плательщиков; исходящих связей нет. Не seed/граница; конечный только в выборке."
100000008748914100,distributor,0.77054800,2,0.79770200,"Получателей 13≥10; исходящих переводов 21≥10; выход 4,471,847 KZT."
100000008749063100,terminal,0.66621300,22,0.16059500,"Вход 19,000 KZT от 1 плательщиков; исходящих связей нет. Не seed/граница; конечный только в выборке."
100000008749405100,terminal,0.66621300,22,0.20801500,"Вход 37,150 KZT от 1 плательщиков; исходящих связей нет. Не seed/граница; конечный только в выборке."
100000008749406100,terminal,0.66621300,22,0.15220600,"Вход 17,144 KZT от 1 плательщиков; исходящих связей нет. Не seed/граница; конечный только в выборке."
100000008749618100,terminal,0.66621300,22,0.23816300,"Вход 47,280 KZT от 1 плательщиков; исходящих связей нет. Не seed/граница; конечный только в выборке."
100000008749900100,terminal,0.66621300,22,0.14314300,"Вход 17,150 KZT от 1 плательщиков; исходящих связей нет. Не seed/граница; конечный только в выборке."
100000008749989100,terminal,0.66621300,22,0.16328700,"Вход 16,000 KZT от 1 плательщиков; исходящих связей нет. Не seed/граница; конечный только в выборке."
100000008750464100,terminal,0.66621300,22,0.11102100,"Вход 8,500 KZT от 1 плательщиков; исходящих связей нет. Не seed/граница; конечный только в выборке."
100000008751349100,terminal,0.66621300,14,0.13192700,"Вход 11,630 KZT от 1 плательщиков; исходящих связей нет. Не seed/граница; конечный только в выборке."
100000008751380100,terminal,0.85520600,4,0.53284100,"Вход 345,780 KZT от 2 плательщиков; исходящих связей нет. Не seed/граница; конечный только в выборке."
100000008751429100,consolidator,0.45514800,9,0.53202200,"Плательщиков 3≥3; вход 386,200 KZT; выход/вход 19%≤20%. Не seed/граница."
100000008752616100,peripheral,0.00000000,4,0.80668600,"Порогов конкретных ролей не достиг: плательщиков 2, получателей 7, выход/вход 1961%."
100000008753061100,terminal,0.78853900,22,0.18670500,"Вход 28,400 KZT от 1 плательщиков; исходящих связей нет. Не seed/граница; конечный только в выборке."
100000008753193100,terminal,0.66621300,22,0.21438600,"Вход 35,225 KZT от 1 плательщиков; исходящих связей нет. Не seed/граница; конечный только в выборке."
100000008753897100,terminal,0.66621300,22,0.17190100,"Вход 24,050 KZT от 1 плательщиков; исходящих связей нет. Не seed/граница; конечный только в выборке."
100000008754608100,terminal,0.66621300,22,0.12564700,"Вход 12,300 KZT от 1 плательщиков; исходящих связей нет. Не seed/граница; конечный только в выборке."
100000008754747100,terminal,0.66621300,22,0.22344800,"Вход 45,500 KZT от 1 плательщиков; исходящих связей нет. Не seed/граница; конечный только в выборке."
100000008754997100,terminal,0.66621300,22,0.14852700,"Вход 18,000 KZT от 1 плательщиков; исходящих связей нет. Не seed/граница; конечный только в выборке."
100000008755168100,terminal,0.66621300,22,0.14610400,"Вход 17,600 KZT от 1 плательщиков; исходящих связей нет. Не seed/граница; конечный только в выборке."
100000008755361100,terminal,0.66621300,22,0.13919500,"Вход 14,627 KZT от 1 плательщиков; исходящих связей нет. Не seed/граница; конечный только в выборке."
100000008755580100,terminal,0.66621300,22,0.13915000,"Вход 16,000 KZT от 1 плательщиков; исходящих связей нет. Не seed/граница; конечный только в выборке."
100000008755754100,terminal,0.66621300,24,0.16351100,"Вход 7,000 KZT от 1 плательщиков; исходящих связей нет. Не seed/граница; конечный только в выборке."
100000008757301100,peripheral,0.00000000,0,0.35000700,"Недостаточно наблюдений для роли; плательщиков 1, получателей 0. Граница depth=4: удержание неизвестно."
100000008757369100,peripheral,0.00000000,0,0.28417800,"Порогов конкретных ролей не достиг: плательщиков 1, получателей 1, выход/вход 225%."
100000008758106100,peripheral,0.00000000,4,0.18979700,"Недостаточно наблюдений для роли; плательщиков 1, получателей 0. Граница depth=4: удержание неизвестно."
100000008758168100,peripheral,0.00000000,35,0.78741500,"Порогов конкретных ролей не достиг: плательщиков 2, получателей 5, выход/вход 2034%."
100000008758607100,peripheral,0.00000000,4,0.17212100,"Недостаточно наблюдений для роли; плательщиков 1, получателей 0. Граница depth=4: удержание неизвестно."
100000008759795100,peripheral,0.00000000,18,0.18410300,"Недостаточно наблюдений для роли; плательщиков 1, получателей 0. Граница depth=4: удержание неизвестно."
100000008759857100,peripheral,0.00000000,35,0.49028400,"Порогов конкретных ролей не достиг: плательщиков 1, получателей 2, выход/вход 19880%."
100000008760098100,peripheral,0.00000000,35,0.44022200,"Порогов конкретных ролей не достиг: плательщиков 1, получателей 1, выход/вход 5571%."
100000008761132100,peripheral,0.00000000,4,0.18979700,"Недостаточно наблюдений для роли; плательщиков 1, получателей 0. Граница depth=4: удержание неизвестно."
100000008761219100,peripheral,0.00000000,57,0.66292700,"Порогов конкретных ролей не достиг: плательщиков 2, получателей 2, выход/вход 750%."
100000008761220100,peripheral,0.00000000,4,0.18979700,"Недостаточно наблюдений для роли; плательщиков 1, получателей 0. Граница depth=4: удержание неизвестно."
100000008762005100,peripheral,0.00000000,4,0.10124100,"Недостаточно наблюдений для роли; плательщиков 1, получателей 0. Граница depth=4: удержание неизвестно."
100000008762728100,terminal,0.66621300,16,0.34112700,"Вход 17,026 KZT от 1 плательщиков; исходящих связей нет. Не seed/граница; конечный только в выборке."
100000008762832100,peripheral,0.00000000,2,0.34136100,"Порогов конкретных ролей не достиг: плательщиков 1, получателей 1, выход/вход 57%."
100000008762843100,peripheral,0.00000000,4,0.11061700,"Недостаточно наблюдений для роли; плательщиков 1, получателей 0. Граница depth=4: удержание неизвестно."
100000008762885100,peripheral,0.00000000,4,0.11061700,"Недостаточно наблюдений для роли; плательщиков 1, получателей 0. Граница depth=4: удержание неизвестно."
100000008763688100,terminal,0.66621300,22,0.16153700,"Вход 21,000 KZT от 1 плательщиков; исходящих связей нет. Не seed/граница; конечный только в выборке."
100000008764436100,terminal,0.66621300,22,0.14933400,"Вход 13,100 KZT от 1 плательщиков; исходящих связей нет. Не seed/граница; конечный только в выборке."
100000008764654100,terminal,0.66621300,22,0.18006600,"Вход 26,150 KZT от 1 плательщиков; исходящих связей нет. Не seed/граница; конечный только в выборке."
100000008765494100,terminal,0.66621300,22,0.19783100,"Вход 24,000 KZT от 1 плательщиков; исходящих связей нет. Не seed/граница; конечный только в выборке."
100000008765627100,terminal,0.66621300,1,0.25709600,"Вход 60,000 KZT от 1 плательщиков; исходящих связей нет. Не seed/граница; конечный только в выборке."
100000008766031100,peripheral,0.00000000,4,0.17373600,"Недостаточно наблюдений для роли; плательщиков 1, получателей 0. Граница depth=4: удержание неизвестно."
100000008766764100,peripheral,0.00000000,4,0.17212100,"Недостаточно наблюдений для роли; плательщиков 1, получателей 0. Граница depth=4: удержание неизвестно."
100000008767027100,terminal,0.66621300,35,0.20851200,"Вход 5,000 KZT от 1 плательщиков; исходящих связей нет. Не seed/граница; конечный только в выборке."
100000008767065100,terminal,0.66621300,35,0.22672600,"Вход 10,000 KZT от 1 плательщиков; исходящих связей нет. Не seed/граница; конечный только в выборке."
100000008767925100,terminal,0.66621300,22,0.15220600,"Вход 17,144 KZT от 1 плательщиков; исходящих связей нет. Не seed/граница; конечный только в выборке."
100000008767950100,terminal,0.66621300,22,0.14466900,"Вход 17,350 KZT от 1 плательщиков; исходящих связей нет. Не seed/граница; конечный только в выборке."
100000008768896100,terminal,0.66621300,22,0.23771500,"Вход 47,060 KZT от 1 плательщиков; исходящих связей нет. Не seed/граница; конечный только в выборке."
100000008769097100,terminal,0.66621300,22,0.19500500,"Вход 31,100 KZT от 1 плательщиков; исходящих связей нет. Не seed/граница; конечный только в выборке."
100000008769636100,terminal,0.66621300,22,0.17643200,"Вход 23,118 KZT от 1 плательщиков; исходящих связей нет. Не seed/граница; конечный только в выборке."
100000008770483100,peripheral,0.00000000,57,0.19239900,"Недостаточно наблюдений для роли; плательщиков 1, получателей 0. Граница depth=4: удержание неизвестно."
100000008771627100,terminal,0.66621300,22,0.16557500,"Вход 16,500 KZT от 1 плательщиков; исходящих связей нет. Не seed/граница; конечный только в выборке."
100000008771814100,terminal,0.66621300,22,0.19644100,"Вход 23,700 KZT от 1 плательщиков; исходящих связей нет. Не seed/граница; конечный только в выборке."
100000008771819100,terminal,0.66621300,22,0.22183300,"Вход 38,900 KZT от 1 плательщиков; исходящих связей нет. Не seed/граница; конечный только в выборке."
100000008772058100,terminal,0.66621300,22,0.26324200,"Вход 50,000 KZT от 1 плательщиков; исходящих связей нет. Не seed/граница; конечный только в выборке."
100000008772246100,terminal,0.66621300,22,0.22066700,"Вход 44,500 KZT от 1 плательщиков; исходящих связей нет. Не seed/граница; конечный только в выборке."
100000008773876100,terminal,0.66621300,22,0.18881400,"Вход 26,120 KZT от 1 плательщиков; исходящих связей нет. Не seed/граница; конечный только в выборке."
100000008774237100,peripheral,0.00000000,34,0.29860700,"Порогов конкретных ролей не достиг: плательщиков 1, получателей 1, выход/вход 20%."
100000008775471100,terminal,0.78853900,35,0.39976100,"Вход 580,000 KZT от 1 плательщиков; исходящих связей нет. Не seed/граница; конечный только в выборке."
100000008775747100,peripheral,0.00000000,4,0.17212100,"Недостаточно наблюдений для роли; плательщиков 1, получателей 0. Граница depth=4: удержание неизвестно."
100000008776298100,terminal,0.66621300,22,0.22883200,"Вход 42,800 KZT от 1 плательщиков; исходящих связей нет. Не seed/граница; конечный только в выборке."
100000008776310100,terminal,0.66621300,22,0.15175700,"Вход 19,200 KZT от 1 плательщиков; исходящих связей нет. Не seed/граница; конечный только в выборке."
100000008776420100,terminal,0.66621300,22,0.26023600,"Вход 69,500 KZT от 1 плательщиков; исходящих связей нет. Не seed/граница; конечный только в выборке."
100000008776576100,terminal,0.66621300,22,0.14009300,"Вход 14,765 KZT от 1 плательщиков; исходящих связей нет. Не seed/граница; конечный только в выборке."
100000008776720100,terminal,0.66621300,22,0.18006600,"Вход 26,150 KZT от 1 плательщиков; исходящих связей нет. Не seed/граница; конечный только в выборке."
100000008777088100,terminal,0.66621300,22,0.15767900,"Вход 18,000 KZT от 1 плательщиков; исходящих связей нет. Не seed/граница; конечный только в выборке."
100000008778010100,peripheral,0.00000000,22,0.35907000,"Недостаточно наблюдений для роли; плательщиков 1, получателей 0. Граница depth=4: удержание неизвестно."
100000008778753100,peripheral,0.00000000,13,0.16413900,"Недостаточно наблюдений для роли; плательщиков 1, получателей 0. Граница depth=4: удержание неизвестно."
100000008779584100,terminal,0.66621300,22,0.20622100,"Вход 31,400 KZT от 1 плательщиков; исходящих связей нет. Не seed/граница; конечный только в выборке."
100000008782056100,terminal,0.66621300,22,0.19850400,"Вход 29,082 KZT от 1 плательщиков; исходящих связей нет. Не seed/граница; конечный только в выборке."
100000008782421100,terminal,0.66621300,22,0.24256000,"Вход 49,680 KZT от 1 плательщиков; исходящих связей нет. Не seed/граница; конечный только в выборке."
100000008782800100,terminal,0.66621300,22,0.22972900,"Вход 43,381 KZT от 1 плательщиков; исходящих связей нет. Не seed/граница; конечный только в выборке."
